,REF_DATE,GEO,DGUID,Offences,Age_of_accused,Sex_of_accused,Charge_and_case,Type_of_decision,VECTOR,COORDINATE,VALUE
0,2019,Manitoba,2016A000246,Homicide,12 to 15 years,Sex unknown,Single-charge cases,Stayed or withdrawn,v60345914,8.5.2.5.3.6,1.0
1,2019,Manitoba,2016A000246,Homicide,12 to 15 years,Sex unknown,Multiple-charge cases,Guilty,v60345918,8.5.2.5.4.3,1.0
2,2019,Manitoba,2016A000246,Homicide,12 to 15 years,Sex unknown,Multiple-charge cases,Percentage guilty,v61311141,8.5.2.5.4.4,1.0
3,2019,Manitoba,2016A000246,Homicide,12 to 15 years,Sex unknown,Related charges,Stayed or withdrawn,v60345926,8.5.2.5.5.6,1.0
4,2019,Manitoba,2016A000246,Homicide,16 and 17 years,Sex unknown,Multiple-charge cases,Guilty,v60346098,8.5.3.5.4.3,2.0
5,2019,Manitoba,2016A000246,Homicide,16 and 17 years,Sex unknown,Multiple-charge cases,Percentage guilty,v61311161,8.5.3.5.4.4,1.0
6,2019,Manitoba,2016A000246,Homicide,Other ages,Sex unknown,Single-charge cases,Guilty,v60346272,8.5.4.5.3.3,1.0
7,2019,Manitoba,2016A000246,Homicide,Other ages,Sex unknown,Single-charge cases,Percentage guilty,v61311180,8.5.4.5.3.4,1.0
8,2019,Manitoba,2016A000246,Attempted murder,12 to 15 years,Sex unknown,Multiple-charge cases,Guilty,v60346938,8.6.2.5.4.3,2.0
9,2019,Manitoba,2016A000246,Attempted murder,12 to 15 years,Sex unknown,Multiple-charge cases,Percentage guilty,v61311251,8.6.2.5.4.4,1.0
10,2019,Manitoba,2016A000246,Attempted murder,16 and 17 years,Sex unknown,Multiple-charge cases,Guilty,v60347118,8.6.3.5.4.3,1.0
11,2019,Manitoba,2016A000246,Attempted murder,16 and 17 years,Sex unknown,Multiple-charge cases,Percentage guilty,v61311271,8.6.3.5.4.4,1.0
12,2019,Manitoba,2016A000246,Attempted murder,16 and 17 years,Sex unknown,Related charges,Stayed or withdrawn,v60347126,8.6.3.5.5.6,7.0
13,2019,Manitoba,2016A000246,Robbery,12 to 15 years,Sex unknown,Single-charge cases,Guilty,v60347952,8.7.2.5.3.3,1.0
14,2019,Manitoba,2016A000246,Robbery,12 to 15 years,Sex unknown,Single-charge cases,Percentage guilty,v61311360,8.7.2.5.3.4,0.13
15,2019,Manitoba,2016A000246,Robbery,12 to 15 years,Sex unknown,Single-charge cases,Stayed or withdrawn,v60347954,8.7.2.5.3.6,7.0
16,2019,Manitoba,2016A000246,Robbery,12 to 15 years,Sex unknown,Multiple-charge cases,Guilty,v60347958,8.7.2.5.4.3,36.0
17,2019,Manitoba,2016A000246,Robbery,12 to 15 years,Sex unknown,Multiple-charge cases,Percentage guilty,v61311361,8.7.2.5.4.4,0.84
18,2019,Manitoba,2016A000246,Robbery,12 to 15 years,Sex unknown,Multiple-charge cases,Stayed or withdrawn,v60347960,8.7.2.5.4.6,7.0
19,2019,Manitoba,2016A000246,Robbery,12 to 15 years,Sex unknown,Related charges,Guilty,v60347964,8.7.2.5.5.3,11.0
20,2019,Manitoba,2016A000246,Robbery,12 to 15 years,Sex unknown,Related charges,Percentage guilty,v61311362,8.7.2.5.5.4,0.17
21,2019,Manitoba,2016A000246,Robbery,12 to 15 years,Sex unknown,Related charges,Stayed or withdrawn,v60347966,8.7.2.5.5.6,55.0
22,2019,Manitoba,2016A000246,Robbery,16 and 17 years,Sex unknown,Single-charge cases,Stayed or withdrawn,v60348134,8.7.3.5.3.6,5.0
23,2019,Manitoba,2016A000246,Robbery,16 and 17 years,Sex unknown,Multiple-charge cases,Guilty,v60348138,8.7.3.5.4.3,35.0
24,2019,Manitoba,2016A000246,Robbery,16 and 17 years,Sex unknown,Multiple-charge cases,Percentage guilty,v61311381,8.7.3.5.4.4,0.8
25,2019,Manitoba,2016A000246,Robbery,16 and 17 years,Sex unknown,Multiple-charge cases,Stayed or withdrawn,v60348140,8.7.3.5.4.6,9.0
26,2019,Manitoba,2016A000246,Robbery,16 and 17 years,Sex unknown,Related charges,Guilty,v60348144,8.7.3.5.5.3,6.0
27,2019,Manitoba,2016A000246,Robbery,16 and 17 years,Sex unknown,Related charges,Percentage guilty,v61311382,8.7.3.5.5.4,0.13
28,2019,Manitoba,2016A000246,Robbery,16 and 17 years,Sex unknown,Related charges,Stayed or withdrawn,v60348146,8.7.3.5.5.6,40.0
29,2019,Manitoba,2016A000246,Sexual assault,12 to 15 years,Sex unknown,Single-charge cases,Guilty,v60348972,8.8.2.5.3.3,1.0
30,2019,Manitoba,2016A000246,Sexual assault,12 to 15 years,Sex unknown,Single-charge cases,Percentage guilty,v61311470,8.8.2.5.3.4,0.17
31,2019,Manitoba,2016A000246,Sexual assault,12 to 15 years,Sex unknown,Single-charge cases,Stayed or withdrawn,v60348974,8.8.2.5.3.6,5.0
32,2019,Manitoba,2016A000246,Sexual assault,12 to 15 years,Sex unknown,Multiple-charge cases,Guilty,v60348978,8.8.2.5.4.3,11.0
33,2019,Manitoba,2016A000246,Sexual assault,12 to 15 years,Sex unknown,Multiple-charge cases,Percentage guilty,v61311471,8.8.2.5.4.4,0.73
34,2019,Manitoba,2016A000246,Sexual assault,12 to 15 years,Sex unknown,Multiple-charge cases,Stayed or withdrawn,v60348980,8.8.2.5.4.6,4.0
35,2019,Manitoba,2016A000246,Sexual assault,12 to 15 years,Sex unknown,Related charges,Guilty,v60348984,8.8.2.5.5.3,10.0
36,2019,Manitoba,2016A000246,Sexual assault,12 to 15 years,Sex unknown,Related charges,Percentage guilty,v61311472,8.8.2.5.5.4,0.19
37,2019,Manitoba,2016A000246,Sexual assault,12 to 15 years,Sex unknown,Related charges,Stayed or withdrawn,v60348986,8.8.2.5.5.6,44.0
38,2019,Manitoba,2016A000246,Sexual assault,16 and 17 years,Sex unknown,Single-charge cases,Guilty,v60349152,8.8.3.5.3.3,2.0
39,2019,Manitoba,2016A000246,Sexual assault,16 and 17 years,Sex unknown,Single-charge cases,Percentage guilty,v61311490,8.8.3.5.3.4,0.25
40,2019,Manitoba,2016A000246,Sexual assault,16 and 17 years,Sex unknown,Single-charge cases,Acquitted,v60349153,8.8.3.5.3.5,1.0
41,2019,Manitoba,2016A000246,Sexual assault,16 and 17 years,Sex unknown,Single-charge cases,Stayed or withdrawn,v60349154,8.8.3.5.3.6,5.0
42,2019,Manitoba,2016A000246,Sexual assault,16 and 17 years,Sex unknown,Multiple-charge cases,Guilty,v60349158,8.8.3.5.4.3,6.0
43,2019,Manitoba,2016A000246,Sexual assault,16 and 17 years,Sex unknown,Multiple-charge cases,Percentage guilty,v61311491,8.8.3.5.4.4,0.55
44,2019,Manitoba,2016A000246,Sexual assault,16 and 17 years,Sex unknown,Multiple-charge cases,Stayed or withdrawn,v60349160,8.8.3.5.4.6,5.0
45,2019,Manitoba,2016A000246,Sexual assault,16 and 17 years,Sex unknown,Related charges,Guilty,v60349164,8.8.3.5.5.3,1.0
46,2019,Manitoba,2016A000246,Sexual assault,16 and 17 years,Sex unknown,Related charges,Percentage guilty,v61311492,8.8.3.5.5.4,0.02
47,2019,Manitoba,2016A000246,Sexual assault,16 and 17 years,Sex unknown,Related charges,Stayed or withdrawn,v60349166,8.8.3.5.5.6,42.0
48,2019,Manitoba,2016A000246,Sexual assault,Other ages,Sex unknown,Single-charge cases,Stayed or withdrawn,v60349334,8.8.4.5.3.6,1.0
49,2019,Manitoba,2016A000246,Sexual assault,Other ages,Sex unknown,Multiple-charge cases,Guilty,v60349338,8.8.4.5.4.3,1.0
50,2019,Manitoba,2016A000246,Sexual assault,Other ages,Sex unknown,Multiple-charge cases,Percentage guilty,v61311511,8.8.4.5.4.4,1.0
51,2019,Manitoba,2016A000246,Sexual assault,Other ages,Sex unknown,Related charges,Stayed or withdrawn,v60349346,8.8.4.5.5.6,4.0
52,2019,Manitoba,2016A000246,Other sexual offences,12 to 15 years,Sex unknown,Multiple-charge cases,Guilty,v60349998,8.9.2.5.4.3,8.0
53,2019,Manitoba,2016A000246,Other sexual offences,12 to 15 years,Sex unknown,Multiple-charge cases,Percentage guilty,v61311581,8.9.2.5.4.4,0.5
54,2019,Manitoba,2016A000246,Other sexual offences,12 to 15 years,Sex unknown,Multiple-charge cases,Acquitted,v60349999,8.9.2.5.4.5,1.0
55,2019,Manitoba,2016A000246,Other sexual offences,12 to 15 years,Sex unknown,Multiple-charge cases,Stayed or withdrawn,v60350000,8.9.2.5.4.6,7.0
56,2019,Manitoba,2016A000246,Other sexual offences,12 to 15 years,Sex unknown,Related charges,Guilty,v60350004,8.9.2.5.5.3,7.0
57,2019,Manitoba,2016A000246,Other sexual offences,12 to 15 years,Sex unknown,Related charges,Percentage guilty,v61311582,8.9.2.5.5.4,0.14
58,2019,Manitoba,2016A000246,Other sexual offences,12 to 15 years,Sex unknown,Related charges,Acquitted,v60350005,8.9.2.5.5.5,1.0
59,2019,Manitoba,2016A000246,Other sexual offences,12 to 15 years,Sex unknown,Related charges,Stayed or withdrawn,v60350006,8.9.2.5.5.6,43.0
60,2019,Manitoba,2016A000246,Other sexual offences,16 and 17 years,Sex unknown,Single-charge cases,Guilty,v60350172,8.9.3.5.3.3,2.0
61,2019,Manitoba,2016A000246,Other sexual offences,16 and 17 years,Sex unknown,Single-charge cases,Percentage guilty,v61311600,8.9.3.5.3.4,1.0
62,2019,Manitoba,2016A000246,Other sexual offences,16 and 17 years,Sex unknown,Multiple-charge cases,Guilty,v60350178,8.9.3.5.4.3,9.0
63,2019,Manitoba,2016A000246,Other sexual offences,16 and 17 years,Sex unknown,Multiple-charge cases,Percentage guilty,v61311601,8.9.3.5.4.4,0.39
64,2019,Manitoba,2016A000246,Other sexual offences,16 and 17 years,Sex unknown,Multiple-charge cases,Stayed or withdrawn,v60350180,8.9.3.5.4.6,14.0
65,2019,Manitoba,2016A000246,Other sexual offences,16 and 17 years,Sex unknown,Related charges,Guilty,v60350184,8.9.3.5.5.3,8.0
66,2019,Manitoba,2016A000246,Other sexual offences,16 and 17 years,Sex unknown,Related charges,Percentage guilty,v61311602,8.9.3.5.5.4,0.15
67,2019,Manitoba,2016A000246,Other sexual offences,16 and 17 years,Sex unknown,Related charges,Stayed or withdrawn,v60350186,8.9.3.5.5.6,44.0
68,2019,Manitoba,2016A000246,Other sexual offences,Other ages,Sex unknown,Multiple-charge cases,Guilty,v60350358,8.9.4.5.4.3,1.0
69,2019,Manitoba,2016A000246,Other sexual offences,Other ages,Sex unknown,Multiple-charge cases,Percentage guilty,v61311621,8.9.4.5.4.4,1.0
70,2019,Manitoba,2016A000246,Other sexual offences,Other ages,Sex unknown,Related charges,Stayed or withdrawn,v60350366,8.9.4.5.5.6,7.0
71,2019,Manitoba,2016A000246,Major assault,12 to 15 years,Sex unknown,Single-charge cases,Guilty,v60351012,8.10.2.5.3.3,5.0
72,2019,Manitoba,2016A000246,Major assault,12 to 15 years,Sex unknown,Single-charge cases,Percentage guilty,v61311690,8.10.2.5.3.4,0.28
73,2019,Manitoba,2016A000246,Major assault,12 to 15 years,Sex unknown,Single-charge cases,Stayed or withdrawn,v60351014,8.10.2.5.3.6,13.0
74,2019,Manitoba,2016A000246,Major assault,12 to 15 years,Sex unknown,Multiple-charge cases,Guilty,v60351018,8.10.2.5.4.3,46.0
75,2019,Manitoba,2016A000246,Major assault,12 to 15 years,Sex unknown,Multiple-charge cases,Percentage guilty,v61311691,8.10.2.5.4.4,0.68
76,2019,Manitoba,2016A000246,Major assault,12 to 15 years,Sex unknown,Multiple-charge cases,Stayed or withdrawn,v60351020,8.10.2.5.4.6,22.0
77,2019,Manitoba,2016A000246,Major assault,12 to 15 years,Sex unknown,Related charges,Guilty,v60351024,8.10.2.5.5.3,40.0
78,2019,Manitoba,2016A000246,Major assault,12 to 15 years,Sex unknown,Related charges,Percentage guilty,v61311692,8.10.2.5.5.4,0.22
79,2019,Manitoba,2016A000246,Major assault,12 to 15 years,Sex unknown,Related charges,Stayed or withdrawn,v60351026,8.10.2.5.5.6,146.0
80,2019,Manitoba,2016A000246,Major assault,16 and 17 years,Sex unknown,Single-charge cases,Guilty,v60351192,8.10.3.5.3.3,9.0
81,2019,Manitoba,2016A000246,Major assault,16 and 17 years,Sex unknown,Single-charge cases,Percentage guilty,v61311710,8.10.3.5.3.4,0.39
82,2019,Manitoba,2016A000246,Major assault,16 and 17 years,Sex unknown,Single-charge cases,Stayed or withdrawn,v60351194,8.10.3.5.3.6,14.0
83,2019,Manitoba,2016A000246,Major assault,16 and 17 years,Sex unknown,Multiple-charge cases,Guilty,v60351198,8.10.3.5.4.3,59.0
84,2019,Manitoba,2016A000246,Major assault,16 and 17 years,Sex unknown,Multiple-charge cases,Percentage guilty,v61311711,8.10.3.5.4.4,0.63
85,2019,Manitoba,2016A000246,Major assault,16 and 17 years,Sex unknown,Multiple-charge cases,Acquitted,v60351199,8.10.3.5.4.5,1.0
86,2019,Manitoba,2016A000246,Major assault,16 and 17 years,Sex unknown,Multiple-charge cases,Stayed or withdrawn,v60351200,8.10.3.5.4.6,34.0
87,2019,Manitoba,2016A000246,Major assault,16 and 17 years,Sex unknown,Related charges,Guilty,v60351204,8.10.3.5.5.3,49.0
88,2019,Manitoba,2016A000246,Major assault,16 and 17 years,Sex unknown,Related charges,Percentage guilty,v61311712,8.10.3.5.5.4,0.24
89,2019,Manitoba,2016A000246,Major assault,16 and 17 years,Sex unknown,Related charges,Acquitted,v60351205,8.10.3.5.5.5,4.0
90,2019,Manitoba,2016A000246,Major assault,16 and 17 years,Sex unknown,Related charges,Stayed or withdrawn,v60351206,8.10.3.5.5.6,153.0
91,2019,Manitoba,2016A000246,Major assault,Other ages,Sex unknown,Multiple-charge cases,Guilty,v60351378,8.10.4.5.4.3,1.0
92,2019,Manitoba,2016A000246,Major assault,Other ages,Sex unknown,Multiple-charge cases,Percentage guilty,v61311731,8.10.4.5.4.4,0.5
93,2019,Manitoba,2016A000246,Major assault,Other ages,Sex unknown,Multiple-charge cases,Stayed or withdrawn,v60351380,8.10.4.5.4.6,1.0
94,2019,Manitoba,2016A000246,Major assault,Other ages,Sex unknown,Related charges,Stayed or withdrawn,v60351386,8.10.4.5.5.6,5.0
95,2019,Manitoba,2016A000246,Common assault,12 to 15 years,Sex unknown,Single-charge cases,Guilty,v60352032,8.11.2.5.3.3,7.0
96,2019,Manitoba,2016A000246,Common assault,12 to 15 years,Sex unknown,Single-charge cases,Percentage guilty,v61311800,8.11.2.5.3.4,0.23
97,2019,Manitoba,2016A000246,Common assault,12 to 15 years,Sex unknown,Single-charge cases,Stayed or withdrawn,v60352034,8.11.2.5.3.6,24.0
98,2019,Manitoba,2016A000246,Common assault,12 to 15 years,Sex unknown,Multiple-charge cases,Guilty,v60352038,8.11.2.5.4.3,25.0
99,2019,Manitoba,2016A000246,Common assault,12 to 15 years,Sex unknown,Multiple-charge cases,Percentage guilty,v61311801,8.11.2.5.4.4,0.64
100,2019,Manitoba,2016A000246,Common assault,12 to 15 years,Sex unknown,Multiple-charge cases,Stayed or withdrawn,v60352040,8.11.2.5.4.6,14.0
101,2019,Manitoba,2016A000246,Common assault,12 to 15 years,Sex unknown,Related charges,Guilty,v60352044,8.11.2.5.5.3,96.0
102,2019,Manitoba,2016A000246,Common assault,12 to 15 years,Sex unknown,Related charges,Percentage guilty,v61311802,8.11.2.5.5.4,0.48
103,2019,Manitoba,2016A000246,Common assault,12 to 15 years,Sex unknown,Related charges,Stayed or withdrawn,v60352046,8.11.2.5.5.6,104.0
104,2019,Manitoba,2016A000246,Common assault,16 and 17 years,Sex unknown,Single-charge cases,Guilty,v60352212,8.11.3.5.3.3,19.0
105,2019,Manitoba,2016A000246,Common assault,16 and 17 years,Sex unknown,Single-charge cases,Percentage guilty,v61311820,8.11.3.5.3.4,0.37
106,2019,Manitoba,2016A000246,Common assault,16 and 17 years,Sex unknown,Single-charge cases,Stayed or withdrawn,v60352214,8.11.3.5.3.6,32.0
107,2019,Manitoba,2016A000246,Common assault,16 and 17 years,Sex unknown,Multiple-charge cases,Guilty,v60352218,8.11.3.5.4.3,18.0
108,2019,Manitoba,2016A000246,Common assault,16 and 17 years,Sex unknown,Multiple-charge cases,Percentage guilty,v61311821,8.11.3.5.4.4,0.56
109,2019,Manitoba,2016A000246,Common assault,16 and 17 years,Sex unknown,Multiple-charge cases,Stayed or withdrawn,v60352220,8.11.3.5.4.6,14.0
110,2019,Manitoba,2016A000246,Common assault,16 and 17 years,Sex unknown,Related charges,Guilty,v60352224,8.11.3.5.5.3,47.0
111,2019,Manitoba,2016A000246,Common assault,16 and 17 years,Sex unknown,Related charges,Percentage guilty,v61311822,8.11.3.5.5.4,0.29
112,2019,Manitoba,2016A000246,Common assault,16 and 17 years,Sex unknown,Related charges,Stayed or withdrawn,v60352226,8.11.3.5.5.6,113.0
113,2019,Manitoba,2016A000246,Common assault,Other ages,Sex unknown,Multiple-charge cases,Guilty,v60352398,8.11.4.5.4.3,1.0
114,2019,Manitoba,2016A000246,Common assault,Other ages,Sex unknown,Multiple-charge cases,Percentage guilty,v61311841,8.11.4.5.4.4,1.0
115,2019,Manitoba,2016A000246,Common assault,Other ages,Sex unknown,Related charges,Stayed or withdrawn,v60352406,8.11.4.5.5.6,1.0
116,2019,Manitoba,2016A000246,Uttering threats,12 to 15 years,Sex unknown,Single-charge cases,Guilty,v60353052,8.12.2.5.3.3,4.0
117,2019,Manitoba,2016A000246,Uttering threats,12 to 15 years,Sex unknown,Single-charge cases,Percentage guilty,v61311910,8.12.2.5.3.4,0.36
118,2019,Manitoba,2016A000246,Uttering threats,12 to 15 years,Sex unknown,Single-charge cases,Stayed or withdrawn,v60353054,8.12.2.5.3.6,7.0
119,2019,Manitoba,2016A000246,Uttering threats,12 to 15 years,Sex unknown,Multiple-charge cases,Guilty,v60353058,8.12.2.5.4.3,11.0
120,2019,Manitoba,2016A000246,Uttering threats,12 to 15 years,Sex unknown,Multiple-charge cases,Percentage guilty,v61311911,8.12.2.5.4.4,0.42
121,2019,Manitoba,2016A000246,Uttering threats,12 to 15 years,Sex unknown,Multiple-charge cases,Stayed or withdrawn,v60353060,8.12.2.5.4.6,15.0
122,2019,Manitoba,2016A000246,Uttering threats,12 to 15 years,Sex unknown,Related charges,Guilty,v60353064,8.12.2.5.5.3,23.0
123,2019,Manitoba,2016A000246,Uttering threats,12 to 15 years,Sex unknown,Related charges,Percentage guilty,v61311912,8.12.2.5.5.4,0.16
124,2019,Manitoba,2016A000246,Uttering threats,12 to 15 years,Sex unknown,Related charges,Stayed or withdrawn,v60353066,8.12.2.5.5.6,123.0
125,2019,Manitoba,2016A000246,Uttering threats,16 and 17 years,Sex unknown,Single-charge cases,Guilty,v60353232,8.12.3.5.3.3,1.0
126,2019,Manitoba,2016A000246,Uttering threats,16 and 17 years,Sex unknown,Single-charge cases,Percentage guilty,v61311930,8.12.3.5.3.4,0.09
127,2019,Manitoba,2016A000246,Uttering threats,16 and 17 years,Sex unknown,Single-charge cases,Stayed or withdrawn,v60353234,8.12.3.5.3.6,10.0
128,2019,Manitoba,2016A000246,Uttering threats,16 and 17 years,Sex unknown,Multiple-charge cases,Guilty,v60353238,8.12.3.5.4.3,15.0
129,2019,Manitoba,2016A000246,Uttering threats,16 and 17 years,Sex unknown,Multiple-charge cases,Percentage guilty,v61311931,8.12.3.5.4.4,0.52
130,2019,Manitoba,2016A000246,Uttering threats,16 and 17 years,Sex unknown,Multiple-charge cases,Stayed or withdrawn,v60353240,8.12.3.5.4.6,14.0
131,2019,Manitoba,2016A000246,Uttering threats,16 and 17 years,Sex unknown,Related charges,Guilty,v60353244,8.12.3.5.5.3,18.0
132,2019,Manitoba,2016A000246,Uttering threats,16 and 17 years,Sex unknown,Related charges,Percentage guilty,v61311932,8.12.3.5.5.4,0.17
133,2019,Manitoba,2016A000246,Uttering threats,16 and 17 years,Sex unknown,Related charges,Acquitted,v60353245,8.12.3.5.5.5,1.0
134,2019,Manitoba,2016A000246,Uttering threats,16 and 17 years,Sex unknown,Related charges,Stayed or withdrawn,v60353246,8.12.3.5.5.6,84.0
135,2019,Manitoba,2016A000246,Uttering threats,Other ages,Sex unknown,Related charges,Guilty,v60353424,8.12.4.5.5.3,2.0
136,2019,Manitoba,2016A000246,Uttering threats,Other ages,Sex unknown,Related charges,Percentage guilty,v61311952,8.12.4.5.5.4,0.29
137,2019,Manitoba,2016A000246,Uttering threats,Other ages,Sex unknown,Related charges,Stayed or withdrawn,v60353426,8.12.4.5.5.6,5.0
138,2019,Manitoba,2016A000246,Criminal harassment,12 to 15 years,Sex unknown,Multiple-charge cases,Stayed or withdrawn,v60354080,8.13.2.5.4.6,1.0
139,2019,Manitoba,2016A000246,Criminal harassment,16 and 17 years,Sex unknown,Multiple-charge cases,Stayed or withdrawn,v60354260,8.13.3.5.4.6,2.0
140,2019,Manitoba,2016A000246,Criminal harassment,16 and 17 years,Sex unknown,Related charges,Stayed or withdrawn,v60354266,8.13.3.5.5.6,1.0
141,2019,Manitoba,2016A000246,Other crimes against persons,12 to 15 years,Sex unknown,Single-charge cases,Guilty,v60355092,8.14.2.5.3.3,2.0
142,2019,Manitoba,2016A000246,Other crimes against persons,12 to 15 years,Sex unknown,Single-charge cases,Percentage guilty,v61312130,8.14.2.5.3.4,1.0
143,2019,Manitoba,2016A000246,Other crimes against persons,12 to 15 years,Sex unknown,Multiple-charge cases,Guilty,v60355098,8.14.2.5.4.3,3.0
144,2019,Manitoba,2016A000246,Other crimes against persons,12 to 15 years,Sex unknown,Multiple-charge cases,Percentage guilty,v61312131,8.14.2.5.4.4,0.38
145,2019,Manitoba,2016A000246,Other crimes against persons,12 to 15 years,Sex unknown,Multiple-charge cases,Stayed or withdrawn,v60355100,8.14.2.5.4.6,5.0
146,2019,Manitoba,2016A000246,Other crimes against persons,12 to 15 years,Sex unknown,Related charges,Stayed or withdrawn,v60355106,8.14.2.5.5.6,8.0
147,2019,Manitoba,2016A000246,Other crimes against persons,16 and 17 years,Sex unknown,Single-charge cases,Stayed or withdrawn,v60355274,8.14.3.5.3.6,1.0
148,2019,Manitoba,2016A000246,Other crimes against persons,16 and 17 years,Sex unknown,Multiple-charge cases,Guilty,v60355278,8.14.3.5.4.3,2.0
149,2019,Manitoba,2016A000246,Other crimes against persons,16 and 17 years,Sex unknown,Multiple-charge cases,Percentage guilty,v61312151,8.14.3.5.4.4,0.4
150,2019,Manitoba,2016A000246,Other crimes against persons,16 and 17 years,Sex unknown,Multiple-charge cases,Stayed or withdrawn,v60355280,8.14.3.5.4.6,3.0
151,2019,Manitoba,2016A000246,Other crimes against persons,16 and 17 years,Sex unknown,Related charges,Guilty,v60355284,8.14.3.5.5.3,2.0
152,2019,Manitoba,2016A000246,Other crimes against persons,16 and 17 years,Sex unknown,Related charges,Percentage guilty,v61312152,8.14.3.5.5.4,0.08
153,2019,Manitoba,2016A000246,Other crimes against persons,16 and 17 years,Sex unknown,Related charges,Stayed or withdrawn,v60355286,8.14.3.5.5.6,22.0
154,2019,Manitoba,2016A000246,Theft,12 to 15 years,Sex unknown,Single-charge cases,Guilty,v60357132,8.16.2.5.3.3,1.0
155,2019,Manitoba,2016A000246,Theft,12 to 15 years,Sex unknown,Single-charge cases,Percentage guilty,v61312350,8.16.2.5.3.4,0.09
156,2019,Manitoba,2016A000246,Theft,12 to 15 years,Sex unknown,Single-charge cases,Stayed or withdrawn,v60357134,8.16.2.5.3.6,10.0
157,2019,Manitoba,2016A000246,Theft,12 to 15 years,Sex unknown,Multiple-charge cases,Guilty,v60357138,8.16.2.5.4.3,25.0
158,2019,Manitoba,2016A000246,Theft,12 to 15 years,Sex unknown,Multiple-charge cases,Percentage guilty,v61312351,8.16.2.5.4.4,0.83
159,2019,Manitoba,2016A000246,Theft,12 to 15 years,Sex unknown,Multiple-charge cases,Stayed or withdrawn,v60357140,8.16.2.5.4.6,5.0
160,2019,Manitoba,2016A000246,Theft,12 to 15 years,Sex unknown,Related charges,Guilty,v60357144,8.16.2.5.5.3,51.0
161,2019,Manitoba,2016A000246,Theft,12 to 15 years,Sex unknown,Related charges,Percentage guilty,v61312352,8.16.2.5.5.4,0.32
162,2019,Manitoba,2016A000246,Theft,12 to 15 years,Sex unknown,Related charges,Stayed or withdrawn,v60357146,8.16.2.5.5.6,109.0
163,2019,Manitoba,2016A000246,Theft,16 and 17 years,Sex unknown,Single-charge cases,Guilty,v60357312,8.16.3.5.3.3,5.0
164,2019,Manitoba,2016A000246,Theft,16 and 17 years,Sex unknown,Single-charge cases,Percentage guilty,v61312370,8.16.3.5.3.4,0.26
165,2019,Manitoba,2016A000246,Theft,16 and 17 years,Sex unknown,Single-charge cases,Stayed or withdrawn,v60357314,8.16.3.5.3.6,14.0
166,2019,Manitoba,2016A000246,Theft,16 and 17 years,Sex unknown,Multiple-charge cases,Guilty,v60357318,8.16.3.5.4.3,30.0
167,2019,Manitoba,2016A000246,Theft,16 and 17 years,Sex unknown,Multiple-charge cases,Percentage guilty,v61312371,8.16.3.5.4.4,0.77
168,2019,Manitoba,2016A000246,Theft,16 and 17 years,Sex unknown,Multiple-charge cases,Stayed or withdrawn,v60357320,8.16.3.5.4.6,9.0
169,2019,Manitoba,2016A000246,Theft,16 and 17 years,Sex unknown,Related charges,Guilty,v60357324,8.16.3.5.5.3,66.0
170,2019,Manitoba,2016A000246,Theft,16 and 17 years,Sex unknown,Related charges,Percentage guilty,v61312372,8.16.3.5.5.4,0.39
171,2019,Manitoba,2016A000246,Theft,16 and 17 years,Sex unknown,Related charges,Stayed or withdrawn,v60357326,8.16.3.5.5.6,102.0
172,2019,Manitoba,2016A000246,Theft,Other ages,Sex unknown,Single-charge cases,Stayed or withdrawn,v60357494,8.16.4.5.3.6,2.0
173,2019,Manitoba,2016A000246,Theft,Other ages,Sex unknown,Multiple-charge cases,Guilty,v60357498,8.16.4.5.4.3,1.0
174,2019,Manitoba,2016A000246,Theft,Other ages,Sex unknown,Multiple-charge cases,Percentage guilty,v61312391,8.16.4.5.4.4,1.0
175,2019,Manitoba,2016A000246,Theft,Other ages,Sex unknown,Related charges,Guilty,v60357504,8.16.4.5.5.3,1.0
176,2019,Manitoba,2016A000246,Theft,Other ages,Sex unknown,Related charges,Percentage guilty,v61312392,8.16.4.5.5.4,0.33
177,2019,Manitoba,2016A000246,Theft,Other ages,Sex unknown,Related charges,Stayed or withdrawn,v60357506,8.16.4.5.5.6,2.0
178,2019,Manitoba,2016A000246,Break and enter,12 to 15 years,Sex unknown,Single-charge cases,Guilty,v60358152,8.17.2.5.3.3,4.0
179,2019,Manitoba,2016A000246,Break and enter,12 to 15 years,Sex unknown,Single-charge cases,Percentage guilty,v61312460,8.17.2.5.3.4,0.44
180,2019,Manitoba,2016A000246,Break and enter,12 to 15 years,Sex unknown,Single-charge cases,Stayed or withdrawn,v60358154,8.17.2.5.3.6,5.0
181,2019,Manitoba,2016A000246,Break and enter,12 to 15 years,Sex unknown,Multiple-charge cases,Guilty,v60358158,8.17.2.5.4.3,22.0
182,2019,Manitoba,2016A000246,Break and enter,12 to 15 years,Sex unknown,Multiple-charge cases,Percentage guilty,v61312461,8.17.2.5.4.4,0.5
183,2019,Manitoba,2016A000246,Break and enter,12 to 15 years,Sex unknown,Multiple-charge cases,Stayed or withdrawn,v60358160,8.17.2.5.4.6,22.0
184,2019,Manitoba,2016A000246,Break and enter,12 to 15 years,Sex unknown,Related charges,Guilty,v60358164,8.17.2.5.5.3,23.0
185,2019,Manitoba,2016A000246,Break and enter,12 to 15 years,Sex unknown,Related charges,Percentage guilty,v61312462,8.17.2.5.5.4,0.37
186,2019,Manitoba,2016A000246,Break and enter,12 to 15 years,Sex unknown,Related charges,Stayed or withdrawn,v60358166,8.17.2.5.5.6,39.0
187,2019,Manitoba,2016A000246,Break and enter,16 and 17 years,Sex unknown,Single-charge cases,Guilty,v60358332,8.17.3.5.3.3,2.0
188,2019,Manitoba,2016A000246,Break and enter,16 and 17 years,Sex unknown,Single-charge cases,Percentage guilty,v61312480,8.17.3.5.3.4,0.33
189,2019,Manitoba,2016A000246,Break and enter,16 and 17 years,Sex unknown,Single-charge cases,Stayed or withdrawn,v60358334,8.17.3.5.3.6,4.0
190,2019,Manitoba,2016A000246,Break and enter,16 and 17 years,Sex unknown,Multiple-charge cases,Guilty,v60358338,8.17.3.5.4.3,20.0
191,2019,Manitoba,2016A000246,Break and enter,16 and 17 years,Sex unknown,Multiple-charge cases,Percentage guilty,v61312481,8.17.3.5.4.4,0.57
192,2019,Manitoba,2016A000246,Break and enter,16 and 17 years,Sex unknown,Multiple-charge cases,Stayed or withdrawn,v60358340,8.17.3.5.4.6,15.0
193,2019,Manitoba,2016A000246,Break and enter,16 and 17 years,Sex unknown,Related charges,Guilty,v60358344,8.17.3.5.5.3,4.0
194,2019,Manitoba,2016A000246,Break and enter,16 and 17 years,Sex unknown,Related charges,Percentage guilty,v61312482,8.17.3.5.5.4,0.14
195,2019,Manitoba,2016A000246,Break and enter,16 and 17 years,Sex unknown,Related charges,Stayed or withdrawn,v60358346,8.17.3.5.5.6,24.0
196,2019,Manitoba,2016A000246,Fraud,12 to 15 years,Sex unknown,Single-charge cases,Guilty,v60359172,8.18.2.5.3.3,1.0
197,2019,Manitoba,2016A000246,Fraud,12 to 15 years,Sex unknown,Single-charge cases,Percentage guilty,v61312570,8.18.2.5.3.4,1.0
198,2019,Manitoba,2016A000246,Fraud,12 to 15 years,Sex unknown,Multiple-charge cases,Guilty,v60359178,8.18.2.5.4.3,4.0
199,2019,Manitoba,2016A000246,Fraud,12 to 15 years,Sex unknown,Multiple-charge cases,Percentage guilty,v61312571,8.18.2.5.4.4,0.8
200,2019,Manitoba,2016A000246,Fraud,12 to 15 years,Sex unknown,Multiple-charge cases,Stayed or withdrawn,v60359180,8.18.2.5.4.6,1.0
201,2019,Manitoba,2016A000246,Fraud,12 to 15 years,Sex unknown,Related charges,Stayed or withdrawn,v60359186,8.18.2.5.5.6,5.0
202,2019,Manitoba,2016A000246,Fraud,16 and 17 years,Sex unknown,Single-charge cases,Guilty,v60359352,8.18.3.5.3.3,1.0
203,2019,Manitoba,2016A000246,Fraud,16 and 17 years,Sex unknown,Single-charge cases,Percentage guilty,v61312590,8.18.3.5.3.4,1.0
204,2019,Manitoba,2016A000246,Fraud,16 and 17 years,Sex unknown,Multiple-charge cases,Guilty,v60359358,8.18.3.5.4.3,2.0
205,2019,Manitoba,2016A000246,Fraud,16 and 17 years,Sex unknown,Multiple-charge cases,Percentage guilty,v61312591,8.18.3.5.4.4,0.5
206,2019,Manitoba,2016A000246,Fraud,16 and 17 years,Sex unknown,Multiple-charge cases,Stayed or withdrawn,v60359360,8.18.3.5.4.6,2.0
207,2019,Manitoba,2016A000246,Fraud,16 and 17 years,Sex unknown,Related charges,Guilty,v60359364,8.18.3.5.5.3,3.0
208,2019,Manitoba,2016A000246,Fraud,16 and 17 years,Sex unknown,Related charges,Percentage guilty,v61312592,8.18.3.5.5.4,0.18
209,2019,Manitoba,2016A000246,Fraud,16 and 17 years,Sex unknown,Related charges,Stayed or withdrawn,v60359366,8.18.3.5.5.6,14.0
210,2019,Manitoba,2016A000246,Mischief,12 to 15 years,Sex unknown,Single-charge cases,Stayed or withdrawn,v60360194,8.19.2.5.3.6,15.0
211,2019,Manitoba,2016A000246,Mischief,12 to 15 years,Sex unknown,Multiple-charge cases,Guilty,v60360198,8.19.2.5.4.3,9.0
212,2019,Manitoba,2016A000246,Mischief,12 to 15 years,Sex unknown,Multiple-charge cases,Percentage guilty,v61312681,8.19.2.5.4.4,0.43
213,2019,Manitoba,2016A000246,Mischief,12 to 15 years,Sex unknown,Multiple-charge cases,Stayed or withdrawn,v60360200,8.19.2.5.4.6,12.0
214,2019,Manitoba,2016A000246,Mischief,12 to 15 years,Sex unknown,Related charges,Guilty,v60360204,8.19.2.5.5.3,31.0
215,2019,Manitoba,2016A000246,Mischief,12 to 15 years,Sex unknown,Related charges,Percentage guilty,v61312682,8.19.2.5.5.4,0.22
216,2019,Manitoba,2016A000246,Mischief,12 to 15 years,Sex unknown,Related charges,Stayed or withdrawn,v60360206,8.19.2.5.5.6,113.0
217,2019,Manitoba,2016A000246,Mischief,16 and 17 years,Sex unknown,Single-charge cases,Guilty,v60360372,8.19.3.5.3.3,1.0
218,2019,Manitoba,2016A000246,Mischief,16 and 17 years,Sex unknown,Single-charge cases,Percentage guilty,v61312700,8.19.3.5.3.4,0.11
219,2019,Manitoba,2016A000246,Mischief,16 and 17 years,Sex unknown,Single-charge cases,Stayed or withdrawn,v60360374,8.19.3.5.3.6,8.0
220,2019,Manitoba,2016A000246,Mischief,16 and 17 years,Sex unknown,Multiple-charge cases,Guilty,v60360378,8.19.3.5.4.3,25.0
221,2019,Manitoba,2016A000246,Mischief,16 and 17 years,Sex unknown,Multiple-charge cases,Percentage guilty,v61312701,8.19.3.5.4.4,0.69
222,2019,Manitoba,2016A000246,Mischief,16 and 17 years,Sex unknown,Multiple-charge cases,Stayed or withdrawn,v60360380,8.19.3.5.4.6,11.0
223,2019,Manitoba,2016A000246,Mischief,16 and 17 years,Sex unknown,Related charges,Guilty,v60360384,8.19.3.5.5.3,32.0
224,2019,Manitoba,2016A000246,Mischief,16 and 17 years,Sex unknown,Related charges,Percentage guilty,v61312702,8.19.3.5.5.4,0.25
225,2019,Manitoba,2016A000246,Mischief,16 and 17 years,Sex unknown,Related charges,Stayed or withdrawn,v60360386,8.19.3.5.5.6,98.0
226,2019,Manitoba,2016A000246,Mischief,Other ages,Sex unknown,Single-charge cases,Stayed or withdrawn,v60360554,8.19.4.5.3.6,1.0
227,2019,Manitoba,2016A000246,Possess stolen property,12 to 15 years,Sex unknown,Single-charge cases,Guilty,v60361212,8.20.2.5.3.3,3.0
228,2019,Manitoba,2016A000246,Possess stolen property,12 to 15 years,Sex unknown,Single-charge cases,Percentage guilty,v61312790,8.20.2.5.3.4,0.15
229,2019,Manitoba,2016A000246,Possess stolen property,12 to 15 years,Sex unknown,Single-charge cases,Stayed or withdrawn,v60361214,8.20.2.5.3.6,17.0
230,2019,Manitoba,2016A000246,Possess stolen property,12 to 15 years,Sex unknown,Multiple-charge cases,Guilty,v60361218,8.20.2.5.4.3,8.0
231,2019,Manitoba,2016A000246,Possess stolen property,12 to 15 years,Sex unknown,Multiple-charge cases,Percentage guilty,v61312791,8.20.2.5.4.4,0.62
232,2019,Manitoba,2016A000246,Possess stolen property,12 to 15 years,Sex unknown,Multiple-charge cases,Stayed or withdrawn,v60361220,8.20.2.5.4.6,5.0
233,2019,Manitoba,2016A000246,Possess stolen property,12 to 15 years,Sex unknown,Related charges,Guilty,v60361224,8.20.2.5.5.3,13.0
234,2019,Manitoba,2016A000246,Possess stolen property,12 to 15 years,Sex unknown,Related charges,Percentage guilty,v61312792,8.20.2.5.5.4,0.28
235,2019,Manitoba,2016A000246,Possess stolen property,12 to 15 years,Sex unknown,Related charges,Stayed or withdrawn,v60361226,8.20.2.5.5.6,34.0
236,2019,Manitoba,2016A000246,Possess stolen property,16 and 17 years,Sex unknown,Single-charge cases,Guilty,v60361392,8.20.3.5.3.3,2.0
237,2019,Manitoba,2016A000246,Possess stolen property,16 and 17 years,Sex unknown,Single-charge cases,Percentage guilty,v61312810,8.20.3.5.3.4,0.2
238,2019,Manitoba,2016A000246,Possess stolen property,16 and 17 years,Sex unknown,Single-charge cases,Stayed or withdrawn,v60361394,8.20.3.5.3.6,8.0
239,2019,Manitoba,2016A000246,Possess stolen property,16 and 17 years,Sex unknown,Multiple-charge cases,Guilty,v60361398,8.20.3.5.4.3,10.0
240,2019,Manitoba,2016A000246,Possess stolen property,16 and 17 years,Sex unknown,Multiple-charge cases,Percentage guilty,v61312811,8.20.3.5.4.4,0.56
241,2019,Manitoba,2016A000246,Possess stolen property,16 and 17 years,Sex unknown,Multiple-charge cases,Stayed or withdrawn,v60361400,8.20.3.5.4.6,8.0
242,2019,Manitoba,2016A000246,Possess stolen property,16 and 17 years,Sex unknown,Related charges,Guilty,v60361404,8.20.3.5.5.3,5.0
243,2019,Manitoba,2016A000246,Possess stolen property,16 and 17 years,Sex unknown,Related charges,Percentage guilty,v61312812,8.20.3.5.5.4,0.1
244,2019,Manitoba,2016A000246,Possess stolen property,16 and 17 years,Sex unknown,Related charges,Stayed or withdrawn,v60361406,8.20.3.5.5.6,47.0
245,2019,Manitoba,2016A000246,Possess stolen property,Other ages,Sex unknown,Single-charge cases,Stayed or withdrawn,v60361574,8.20.4.5.3.6,1.0
246,2019,Manitoba,2016A000246,Possess stolen property,Other ages,Sex unknown,Multiple-charge cases,Guilty,v60361578,8.20.4.5.4.3,1.0
247,2019,Manitoba,2016A000246,Possess stolen property,Other ages,Sex unknown,Multiple-charge cases,Percentage guilty,v61312831,8.20.4.5.4.4,1.0
248,2019,Manitoba,2016A000246,Possess stolen property,Other ages,Sex unknown,Related charges,Stayed or withdrawn,v60361586,8.20.4.5.5.6,1.0
249,2019,Manitoba,2016A000246,Other property crimes,12 to 15 years,Sex unknown,Single-charge cases,Stayed or withdrawn,v60362234,8.21.2.5.3.6,2.0
250,2019,Manitoba,2016A000246,Other property crimes,12 to 15 years,Sex unknown,Multiple-charge cases,Guilty,v60362238,8.21.2.5.4.3,6.0
251,2019,Manitoba,2016A000246,Other property crimes,12 to 15 years,Sex unknown,Multiple-charge cases,Percentage guilty,v61312901,8.21.2.5.4.4,0.35
252,2019,Manitoba,2016A000246,Other property crimes,12 to 15 years,Sex unknown,Multiple-charge cases,Stayed or withdrawn,v60362240,8.21.2.5.4.6,11.0
253,2019,Manitoba,2016A000246,Other property crimes,12 to 15 years,Sex unknown,Related charges,Guilty,v60362244,8.21.2.5.5.3,1.0
254,2019,Manitoba,2016A000246,Other property crimes,12 to 15 years,Sex unknown,Related charges,Percentage guilty,v61312902,8.21.2.5.5.4,0.03
255,2019,Manitoba,2016A000246,Other property crimes,12 to 15 years,Sex unknown,Related charges,Stayed or withdrawn,v60362246,8.21.2.5.5.6,28.0
256,2019,Manitoba,2016A000246,Other property crimes,16 and 17 years,Sex unknown,Multiple-charge cases,Guilty,v60362418,8.21.3.5.4.3,2.0
257,2019,Manitoba,2016A000246,Other property crimes,16 and 17 years,Sex unknown,Multiple-charge cases,Percentage guilty,v61312921,8.21.3.5.4.4,0.4
258,2019,Manitoba,2016A000246,Other property crimes,16 and 17 years,Sex unknown,Multiple-charge cases,Stayed or withdrawn,v60362420,8.21.3.5.4.6,3.0
259,2019,Manitoba,2016A000246,Other property crimes,16 and 17 years,Sex unknown,Related charges,Stayed or withdrawn,v60362426,8.21.3.5.5.6,30.0
260,2019,Manitoba,2016A000246,Fail to appear,12 to 15 years,Sex unknown,Single-charge cases,Stayed or withdrawn,v60364274,8.23.2.5.3.6,1.0
261,2019,Manitoba,2016A000246,Fail to appear,12 to 15 years,Sex unknown,Related charges,Guilty,v60364284,8.23.2.5.5.3,7.0
262,2019,Manitoba,2016A000246,Fail to appear,12 to 15 years,Sex unknown,Related charges,Percentage guilty,v61313122,8.23.2.5.5.4,0.23
263,2019,Manitoba,2016A000246,Fail to appear,12 to 15 years,Sex unknown,Related charges,Stayed or withdrawn,v60364286,8.23.2.5.5.6,24.0
264,2019,Manitoba,2016A000246,Fail to appear,16 and 17 years,Sex unknown,Single-charge cases,Stayed or withdrawn,v60364454,8.23.3.5.3.6,1.0
265,2019,Manitoba,2016A000246,Fail to appear,16 and 17 years,Sex unknown,Multiple-charge cases,Guilty,v60364458,8.23.3.5.4.3,1.0
266,2019,Manitoba,2016A000246,Fail to appear,16 and 17 years,Sex unknown,Multiple-charge cases,Percentage guilty,v61313141,8.23.3.5.4.4,0.5
267,2019,Manitoba,2016A000246,Fail to appear,16 and 17 years,Sex unknown,Multiple-charge cases,Stayed or withdrawn,v60364460,8.23.3.5.4.6,1.0
268,2019,Manitoba,2016A000246,Fail to appear,16 and 17 years,Sex unknown,Related charges,Guilty,v60364464,8.23.3.5.5.3,20.0
269,2019,Manitoba,2016A000246,Fail to appear,16 and 17 years,Sex unknown,Related charges,Percentage guilty,v61313142,8.23.3.5.5.4,0.45
270,2019,Manitoba,2016A000246,Fail to appear,16 and 17 years,Sex unknown,Related charges,Stayed or withdrawn,v60364466,8.23.3.5.5.6,24.0
271,2019,Manitoba,2016A000246,Fail to appear,Other ages,Sex unknown,Related charges,Stayed or withdrawn,v60364646,8.23.4.5.5.6,5.0
272,2019,Manitoba,2016A000246,Breach of probation,12 to 15 years,Sex unknown,Single-charge cases,Guilty,v60365292,8.24.2.5.3.3,1.0
273,2019,Manitoba,2016A000246,Breach of probation,12 to 15 years,Sex unknown,Single-charge cases,Percentage guilty,v61313230,8.24.2.5.3.4,1.0
274,2019,Manitoba,2016A000246,Breach of probation,12 to 15 years,Sex unknown,Multiple-charge cases,Stayed or withdrawn,v60365300,8.24.2.5.4.6,1.0
275,2019,Manitoba,2016A000246,Breach of probation,12 to 15 years,Sex unknown,Related charges,Guilty,v60365304,8.24.2.5.5.3,4.0
276,2019,Manitoba,2016A000246,Breach of probation,12 to 15 years,Sex unknown,Related charges,Percentage guilty,v61313232,8.24.2.5.5.4,0.15
277,2019,Manitoba,2016A000246,Breach of probation,12 to 15 years,Sex unknown,Related charges,Stayed or withdrawn,v60365306,8.24.2.5.5.6,22.0
278,2019,Manitoba,2016A000246,Breach of probation,16 and 17 years,Sex unknown,Single-charge cases,Guilty,v60365472,8.24.3.5.3.3,1.0
279,2019,Manitoba,2016A000246,Breach of probation,16 and 17 years,Sex unknown,Single-charge cases,Percentage guilty,v61313250,8.24.3.5.3.4,0.25
280,2019,Manitoba,2016A000246,Breach of probation,16 and 17 years,Sex unknown,Single-charge cases,Stayed or withdrawn,v60365474,8.24.3.5.3.6,3.0
281,2019,Manitoba,2016A000246,Breach of probation,16 and 17 years,Sex unknown,Multiple-charge cases,Guilty,v60365478,8.24.3.5.4.3,3.0
282,2019,Manitoba,2016A000246,Breach of probation,16 and 17 years,Sex unknown,Multiple-charge cases,Percentage guilty,v61313251,8.24.3.5.4.4,0.75
283,2019,Manitoba,2016A000246,Breach of probation,16 and 17 years,Sex unknown,Multiple-charge cases,Stayed or withdrawn,v60365480,8.24.3.5.4.6,1.0
284,2019,Manitoba,2016A000246,Breach of probation,16 and 17 years,Sex unknown,Related charges,Guilty,v60365484,8.24.3.5.5.3,12.0
285,2019,Manitoba,2016A000246,Breach of probation,16 and 17 years,Sex unknown,Related charges,Percentage guilty,v61313252,8.24.3.5.5.4,0.31
286,2019,Manitoba,2016A000246,Breach of probation,16 and 17 years,Sex unknown,Related charges,Stayed or withdrawn,v60365486,8.24.3.5.5.6,27.0
287,2019,Manitoba,2016A000246,Breach of probation,Other ages,Sex unknown,Single-charge cases,Guilty,v60365652,8.24.4.5.3.3,1.0
288,2019,Manitoba,2016A000246,Breach of probation,Other ages,Sex unknown,Single-charge cases,Percentage guilty,v61313270,8.24.4.5.3.4,1.0
289,2019,Manitoba,2016A000246,Breach of probation,Other ages,Sex unknown,Multiple-charge cases,Guilty,v60365658,8.24.4.5.4.3,1.0
290,2019,Manitoba,2016A000246,Breach of probation,Other ages,Sex unknown,Multiple-charge cases,Percentage guilty,v61313271,8.24.4.5.4.4,0.5
291,2019,Manitoba,2016A000246,Breach of probation,Other ages,Sex unknown,Multiple-charge cases,Stayed or withdrawn,v60365660,8.24.4.5.4.6,1.0
292,2019,Manitoba,2016A000246,Breach of probation,Other ages,Sex unknown,Related charges,Stayed or withdrawn,v60365666,8.24.4.5.5.6,4.0
293,2019,Manitoba,2016A000246,Unlawfully at large,12 to 15 years,Sex unknown,Related charges,Guilty,v60366324,8.25.2.5.5.3,1.0
294,2019,Manitoba,2016A000246,Unlawfully at large,12 to 15 years,Sex unknown,Related charges,Percentage guilty,v61313342,8.25.2.5.5.4,0.33
295,2019,Manitoba,2016A000246,Unlawfully at large,12 to 15 years,Sex unknown,Related charges,Stayed or withdrawn,v60366326,8.25.2.5.5.6,2.0
296,2019,Manitoba,2016A000246,Unlawfully at large,16 and 17 years,Sex unknown,Single-charge cases,Guilty,v60366492,8.25.3.5.3.3,3.0
297,2019,Manitoba,2016A000246,Unlawfully at large,16 and 17 years,Sex unknown,Single-charge cases,Percentage guilty,v61313360,8.25.3.5.3.4,1.0
298,2019,Manitoba,2016A000246,Unlawfully at large,16 and 17 years,Sex unknown,Multiple-charge cases,Guilty,v60366498,8.25.3.5.4.3,1.0
299,2019,Manitoba,2016A000246,Unlawfully at large,16 and 17 years,Sex unknown,Multiple-charge cases,Percentage guilty,v61313361,8.25.3.5.4.4,1.0
300,2019,Manitoba,2016A000246,Unlawfully at large,16 and 17 years,Sex unknown,Related charges,Guilty,v60366504,8.25.3.5.5.3,1.0
301,2019,Manitoba,2016A000246,Unlawfully at large,16 and 17 years,Sex unknown,Related charges,Percentage guilty,v61313362,8.25.3.5.5.4,0.33
302,2019,Manitoba,2016A000246,Unlawfully at large,16 and 17 years,Sex unknown,Related charges,Stayed or withdrawn,v60366506,8.25.3.5.5.6,2.0
303,2019,Manitoba,2016A000246,Fail to comply with order,12 to 15 years,Sex unknown,Single-charge cases,Guilty,v60367332,8.26.2.5.3.3,1.0
304,2019,Manitoba,2016A000246,Fail to comply with order,12 to 15 years,Sex unknown,Single-charge cases,Percentage guilty,v61313450,8.26.2.5.3.4,0.06
305,2019,Manitoba,2016A000246,Fail to comply with order,12 to 15 years,Sex unknown,Single-charge cases,Stayed or withdrawn,v60367334,8.26.2.5.3.6,15.0
306,2019,Manitoba,2016A000246,Fail to comply with order,12 to 15 years,Sex unknown,Multiple-charge cases,Guilty,v60367338,8.26.2.5.4.3,15.0
307,2019,Manitoba,2016A000246,Fail to comply with order,12 to 15 years,Sex unknown,Multiple-charge cases,Percentage guilty,v61313451,8.26.2.5.4.4,0.6
308,2019,Manitoba,2016A000246,Fail to comply with order,12 to 15 years,Sex unknown,Multiple-charge cases,Acquitted,v60367339,8.26.2.5.4.5,1.0
309,2019,Manitoba,2016A000246,Fail to comply with order,12 to 15 years,Sex unknown,Multiple-charge cases,Stayed or withdrawn,v60367340,8.26.2.5.4.6,9.0
310,2019,Manitoba,2016A000246,Fail to comply with order,12 to 15 years,Sex unknown,Related charges,Guilty,v60367344,8.26.2.5.5.3,180.0
311,2019,Manitoba,2016A000246,Fail to comply with order,12 to 15 years,Sex unknown,Related charges,Percentage guilty,v61313452,8.26.2.5.5.4,0.26
312,2019,Manitoba,2016A000246,Fail to comply with order,12 to 15 years,Sex unknown,Related charges,Stayed or withdrawn,v60367346,8.26.2.5.5.6,505.0
313,2019,Manitoba,2016A000246,Fail to comply with order,16 and 17 years,Sex unknown,Single-charge cases,Guilty,v60367512,8.26.3.5.3.3,2.0
314,2019,Manitoba,2016A000246,Fail to comply with order,16 and 17 years,Sex unknown,Single-charge cases,Percentage guilty,v61313470,8.26.3.5.3.4,0.08
315,2019,Manitoba,2016A000246,Fail to comply with order,16 and 17 years,Sex unknown,Single-charge cases,Stayed or withdrawn,v60367514,8.26.3.5.3.6,22.0
316,2019,Manitoba,2016A000246,Fail to comply with order,16 and 17 years,Sex unknown,Multiple-charge cases,Guilty,v60367518,8.26.3.5.4.3,29.0
317,2019,Manitoba,2016A000246,Fail to comply with order,16 and 17 years,Sex unknown,Multiple-charge cases,Percentage guilty,v61313471,8.26.3.5.4.4,0.71
318,2019,Manitoba,2016A000246,Fail to comply with order,16 and 17 years,Sex unknown,Multiple-charge cases,Stayed or withdrawn,v60367520,8.26.3.5.4.6,12.0
319,2019,Manitoba,2016A000246,Fail to comply with order,16 and 17 years,Sex unknown,Related charges,Guilty,v60367524,8.26.3.5.5.3,195.0
320,2019,Manitoba,2016A000246,Fail to comply with order,16 and 17 years,Sex unknown,Related charges,Percentage guilty,v61313472,8.26.3.5.5.4,0.26
321,2019,Manitoba,2016A000246,Fail to comply with order,16 and 17 years,Sex unknown,Related charges,Stayed or withdrawn,v60367526,8.26.3.5.5.6,562.0
322,2019,Manitoba,2016A000246,Fail to comply with order,Other ages,Sex unknown,Single-charge cases,Guilty,v60367692,8.26.4.5.3.3,1.0
323,2019,Manitoba,2016A000246,Fail to comply with order,Other ages,Sex unknown,Single-charge cases,Percentage guilty,v61313490,8.26.4.5.3.4,0.17
324,2019,Manitoba,2016A000246,Fail to comply with order,Other ages,Sex unknown,Single-charge cases,Stayed or withdrawn,v60367694,8.26.4.5.3.6,5.0
325,2019,Manitoba,2016A000246,Fail to comply with order,Other ages,Sex unknown,Multiple-charge cases,Guilty,v60367698,8.26.4.5.4.3,5.0
326,2019,Manitoba,2016A000246,Fail to comply with order,Other ages,Sex unknown,Multiple-charge cases,Percentage guilty,v61313491,8.26.4.5.4.4,0.5
327,2019,Manitoba,2016A000246,Fail to comply with order,Other ages,Sex unknown,Multiple-charge cases,Stayed or withdrawn,v60367700,8.26.4.5.4.6,5.0
328,2019,Manitoba,2016A000246,Fail to comply with order,Other ages,Sex unknown,Related charges,Guilty,v60367704,8.26.4.5.5.3,18.0
329,2019,Manitoba,2016A000246,Fail to comply with order,Other ages,Sex unknown,Related charges,Percentage guilty,v61313492,8.26.4.5.5.4,0.38
330,2019,Manitoba,2016A000246,Fail to comply with order,Other ages,Sex unknown,Related charges,Stayed or withdrawn,v60367706,8.26.4.5.5.6,30.0
331,2019,Manitoba,2016A000246,Other administration of justice,12 to 15 years,Sex unknown,Single-charge cases,Stayed or withdrawn,v60368354,8.27.2.5.3.6,1.0
332,2019,Manitoba,2016A000246,Other administration of justice,12 to 15 years,Sex unknown,Multiple-charge cases,Guilty,v60368358,8.27.2.5.4.3,5.0
333,2019,Manitoba,2016A000246,Other administration of justice,12 to 15 years,Sex unknown,Multiple-charge cases,Percentage guilty,v61313561,8.27.2.5.4.4,0.71
334,2019,Manitoba,2016A000246,Other administration of justice,12 to 15 years,Sex unknown,Multiple-charge cases,Stayed or withdrawn,v60368360,8.27.2.5.4.6,2.0
335,2019,Manitoba,2016A000246,Other administration of justice,12 to 15 years,Sex unknown,Related charges,Guilty,v60368364,8.27.2.5.5.3,6.0
336,2019,Manitoba,2016A000246,Other administration of justice,12 to 15 years,Sex unknown,Related charges,Percentage guilty,v61313562,8.27.2.5.5.4,0.17
337,2019,Manitoba,2016A000246,Other administration of justice,12 to 15 years,Sex unknown,Related charges,Stayed or withdrawn,v60368366,8.27.2.5.5.6,30.0
338,2019,Manitoba,2016A000246,Other administration of justice,16 and 17 years,Sex unknown,Multiple-charge cases,Guilty,v60368538,8.27.3.5.4.3,10.0
339,2019,Manitoba,2016A000246,Other administration of justice,16 and 17 years,Sex unknown,Multiple-charge cases,Percentage guilty,v61313581,8.27.3.5.4.4,0.91
340,2019,Manitoba,2016A000246,Other administration of justice,16 and 17 years,Sex unknown,Multiple-charge cases,Stayed or withdrawn,v60368540,8.27.3.5.4.6,1.0
341,2019,Manitoba,2016A000246,Other administration of justice,16 and 17 years,Sex unknown,Related charges,Guilty,v60368544,8.27.3.5.5.3,12.0
342,2019,Manitoba,2016A000246,Other administration of justice,16 and 17 years,Sex unknown,Related charges,Percentage guilty,v61313582,8.27.3.5.5.4,0.23
343,2019,Manitoba,2016A000246,Other administration of justice,16 and 17 years,Sex unknown,Related charges,Stayed or withdrawn,v60368546,8.27.3.5.5.6,40.0
344,2019,Manitoba,2016A000246,Other Criminal Code,12 to 15 years,Sex unknown,Single-charge cases,Guilty,v60369372,8.28.2.5.3.3,2.0
345,2019,Manitoba,2016A000246,Other Criminal Code,12 to 15 years,Sex unknown,Single-charge cases,Percentage guilty,v61313670,8.28.2.5.3.4,0.33
346,2019,Manitoba,2016A000246,Other Criminal Code,12 to 15 years,Sex unknown,Single-charge cases,Stayed or withdrawn,v60369374,8.28.2.5.3.6,4.0
347,2019,Manitoba,2016A000246,Other Criminal Code,12 to 15 years,Sex unknown,Multiple-charge cases,Guilty,v60369378,8.28.2.5.4.3,34.0
348,2019,Manitoba,2016A000246,Other Criminal Code,12 to 15 years,Sex unknown,Multiple-charge cases,Percentage guilty,v61313671,8.28.2.5.4.4,0.45
349,2019,Manitoba,2016A000246,Other Criminal Code,12 to 15 years,Sex unknown,Multiple-charge cases,Acquitted,v60369379,8.28.2.5.4.5,1.0
350,2019,Manitoba,2016A000246,Other Criminal Code,12 to 15 years,Sex unknown,Multiple-charge cases,Stayed or withdrawn,v60369380,8.28.2.5.4.6,40.0
351,2019,Manitoba,2016A000246,Other Criminal Code,12 to 15 years,Sex unknown,Related charges,Guilty,v60369384,8.28.2.5.5.3,35.0
352,2019,Manitoba,2016A000246,Other Criminal Code,12 to 15 years,Sex unknown,Related charges,Percentage guilty,v61313672,8.28.2.5.5.4,0.12
353,2019,Manitoba,2016A000246,Other Criminal Code,12 to 15 years,Sex unknown,Related charges,Acquitted,v60369385,8.28.2.5.5.5,1.0
354,2019,Manitoba,2016A000246,Other Criminal Code,12 to 15 years,Sex unknown,Related charges,Stayed or withdrawn,v60369386,8.28.2.5.5.6,252.0
355,2019,Manitoba,2016A000246,Other Criminal Code,16 and 17 years,Sex unknown,Single-charge cases,Guilty,v60369552,8.28.3.5.3.3,5.0
356,2019,Manitoba,2016A000246,Other Criminal Code,16 and 17 years,Sex unknown,Single-charge cases,Percentage guilty,v61313690,8.28.3.5.3.4,0.45
357,2019,Manitoba,2016A000246,Other Criminal Code,16 and 17 years,Sex unknown,Single-charge cases,Stayed or withdrawn,v60369554,8.28.3.5.3.6,6.0
358,2019,Manitoba,2016A000246,Other Criminal Code,16 and 17 years,Sex unknown,Multiple-charge cases,Guilty,v60369558,8.28.3.5.4.3,73.0
359,2019,Manitoba,2016A000246,Other Criminal Code,16 and 17 years,Sex unknown,Multiple-charge cases,Percentage guilty,v61313691,8.28.3.5.4.4,0.64
360,2019,Manitoba,2016A000246,Other Criminal Code,16 and 17 years,Sex unknown,Multiple-charge cases,Stayed or withdrawn,v60369560,8.28.3.5.4.6,41.0
361,2019,Manitoba,2016A000246,Other Criminal Code,16 and 17 years,Sex unknown,Related charges,Guilty,v60369564,8.28.3.5.5.3,48.0
362,2019,Manitoba,2016A000246,Other Criminal Code,16 and 17 years,Sex unknown,Related charges,Percentage guilty,v61313692,8.28.3.5.5.4,0.1
363,2019,Manitoba,2016A000246,Other Criminal Code,16 and 17 years,Sex unknown,Related charges,Stayed or withdrawn,v60369566,8.28.3.5.5.6,446.0
364,2019,Manitoba,2016A000246,Other Criminal Code,Other ages,Sex unknown,Multiple-charge cases,Guilty,v60369738,8.28.4.5.4.3,1.0
365,2019,Manitoba,2016A000246,Other Criminal Code,Other ages,Sex unknown,Multiple-charge cases,Percentage guilty,v61313711,8.28.4.5.4.4,0.33
366,2019,Manitoba,2016A000246,Other Criminal Code,Other ages,Sex unknown,Multiple-charge cases,Stayed or withdrawn,v60369740,8.28.4.5.4.6,2.0
367,2019,Manitoba,2016A000246,Other Criminal Code,Other ages,Sex unknown,Related charges,Guilty,v60369744,8.28.4.5.5.3,4.0
368,2019,Manitoba,2016A000246,Other Criminal Code,Other ages,Sex unknown,Related charges,Percentage guilty,v61313712,8.28.4.5.5.4,0.44
369,2019,Manitoba,2016A000246,Other Criminal Code,Other ages,Sex unknown,Related charges,Stayed or withdrawn,v60369746,8.28.4.5.5.6,5.0
370,2019,Manitoba,2016A000246,Weapons,12 to 15 years,Sex unknown,Single-charge cases,Guilty,v60370392,8.29.2.5.3.3,1.0
371,2019,Manitoba,2016A000246,Weapons,12 to 15 years,Sex unknown,Single-charge cases,Percentage guilty,v61313780,8.29.2.5.3.4,0.25
372,2019,Manitoba,2016A000246,Weapons,12 to 15 years,Sex unknown,Single-charge cases,Stayed or withdrawn,v60370394,8.29.2.5.3.6,3.0
373,2019,Manitoba,2016A000246,Weapons,12 to 15 years,Sex unknown,Multiple-charge cases,Guilty,v60370398,8.29.2.5.4.3,30.0
374,2019,Manitoba,2016A000246,Weapons,12 to 15 years,Sex unknown,Multiple-charge cases,Percentage guilty,v61313781,8.29.2.5.4.4,0.44
375,2019,Manitoba,2016A000246,Weapons,12 to 15 years,Sex unknown,Multiple-charge cases,Acquitted,v60370399,8.29.2.5.4.5,1.0
376,2019,Manitoba,2016A000246,Weapons,12 to 15 years,Sex unknown,Multiple-charge cases,Stayed or withdrawn,v60370400,8.29.2.5.4.6,37.0
377,2019,Manitoba,2016A000246,Weapons,12 to 15 years,Sex unknown,Related charges,Guilty,v60370404,8.29.2.5.5.3,30.0
378,2019,Manitoba,2016A000246,Weapons,12 to 15 years,Sex unknown,Related charges,Percentage guilty,v61313782,8.29.2.5.5.4,0.12
379,2019,Manitoba,2016A000246,Weapons,12 to 15 years,Sex unknown,Related charges,Acquitted,v60370405,8.29.2.5.5.5,1.0
380,2019,Manitoba,2016A000246,Weapons,12 to 15 years,Sex unknown,Related charges,Stayed or withdrawn,v60370406,8.29.2.5.5.6,218.0
381,2019,Manitoba,2016A000246,Weapons,16 and 17 years,Sex unknown,Single-charge cases,Guilty,v60370572,8.29.3.5.3.3,4.0
382,2019,Manitoba,2016A000246,Weapons,16 and 17 years,Sex unknown,Single-charge cases,Percentage guilty,v61313800,8.29.3.5.3.4,0.44
383,2019,Manitoba,2016A000246,Weapons,16 and 17 years,Sex unknown,Single-charge cases,Stayed or withdrawn,v60370574,8.29.3.5.3.6,5.0
384,2019,Manitoba,2016A000246,Weapons,16 and 17 years,Sex unknown,Multiple-charge cases,Guilty,v60370578,8.29.3.5.4.3,61.0
385,2019,Manitoba,2016A000246,Weapons,16 and 17 years,Sex unknown,Multiple-charge cases,Percentage guilty,v61313801,8.29.3.5.4.4,0.61
386,2019,Manitoba,2016A000246,Weapons,16 and 17 years,Sex unknown,Multiple-charge cases,Stayed or withdrawn,v60370580,8.29.3.5.4.6,39.0
387,2019,Manitoba,2016A000246,Weapons,16 and 17 years,Sex unknown,Related charges,Guilty,v60370584,8.29.3.5.5.3,42.0
388,2019,Manitoba,2016A000246,Weapons,16 and 17 years,Sex unknown,Related charges,Percentage guilty,v61313802,8.29.3.5.5.4,0.09
389,2019,Manitoba,2016A000246,Weapons,16 and 17 years,Sex unknown,Related charges,Stayed or withdrawn,v60370586,8.29.3.5.5.6,416.0
390,2019,Manitoba,2016A000246,Weapons,Other ages,Sex unknown,Multiple-charge cases,Guilty,v60370758,8.29.4.5.4.3,1.0
391,2019,Manitoba,2016A000246,Weapons,Other ages,Sex unknown,Multiple-charge cases,Percentage guilty,v61313821,8.29.4.5.4.4,0.33
392,2019,Manitoba,2016A000246,Weapons,Other ages,Sex unknown,Multiple-charge cases,Stayed or withdrawn,v60370760,8.29.4.5.4.6,2.0
393,2019,Manitoba,2016A000246,Weapons,Other ages,Sex unknown,Related charges,Guilty,v60370764,8.29.4.5.5.3,4.0
394,2019,Manitoba,2016A000246,Weapons,Other ages,Sex unknown,Related charges,Percentage guilty,v61313822,8.29.4.5.5.4,0.5
395,2019,Manitoba,2016A000246,Weapons,Other ages,Sex unknown,Related charges,Stayed or withdrawn,v60370766,8.29.4.5.5.6,4.0
396,2019,Manitoba,2016A000246,Disturbing the peace,12 to 15 years,Sex unknown,Related charges,Guilty,v60372444,8.31.2.5.5.3,1.0
397,2019,Manitoba,2016A000246,Disturbing the peace,12 to 15 years,Sex unknown,Related charges,Percentage guilty,v61314002,8.31.2.5.5.4,0.08
398,2019,Manitoba,2016A000246,Disturbing the peace,12 to 15 years,Sex unknown,Related charges,Stayed or withdrawn,v60372446,8.31.2.5.5.6,11.0
399,2019,Manitoba,2016A000246,Disturbing the peace,16 and 17 years,Sex unknown,Related charges,Guilty,v60372624,8.31.3.5.5.3,2.0
400,2019,Manitoba,2016A000246,Disturbing the peace,16 and 17 years,Sex unknown,Related charges,Percentage guilty,v61314022,8.31.3.5.5.4,0.2
401,2019,Manitoba,2016A000246,Disturbing the peace,16 and 17 years,Sex unknown,Related charges,Stayed or withdrawn,v60372626,8.31.3.5.5.6,8.0
402,2019,Manitoba,2016A000246,Residual Criminal Code,12 to 15 years,Sex unknown,Single-charge cases,Guilty,v60373452,8.32.2.5.3.3,1.0
403,2019,Manitoba,2016A000246,Residual Criminal Code,12 to 15 years,Sex unknown,Single-charge cases,Percentage guilty,v61314110,8.32.2.5.3.4,0.5
404,2019,Manitoba,2016A000246,Residual Criminal Code,12 to 15 years,Sex unknown,Single-charge cases,Stayed or withdrawn,v60373454,8.32.2.5.3.6,1.0
405,2019,Manitoba,2016A000246,Residual Criminal Code,12 to 15 years,Sex unknown,Multiple-charge cases,Guilty,v60373458,8.32.2.5.4.3,4.0
406,2019,Manitoba,2016A000246,Residual Criminal Code,12 to 15 years,Sex unknown,Multiple-charge cases,Percentage guilty,v61314111,8.32.2.5.4.4,0.57
407,2019,Manitoba,2016A000246,Residual Criminal Code,12 to 15 years,Sex unknown,Multiple-charge cases,Stayed or withdrawn,v60373460,8.32.2.5.4.6,3.0
408,2019,Manitoba,2016A000246,Residual Criminal Code,12 to 15 years,Sex unknown,Related charges,Guilty,v60373464,8.32.2.5.5.3,4.0
409,2019,Manitoba,2016A000246,Residual Criminal Code,12 to 15 years,Sex unknown,Related charges,Percentage guilty,v61314112,8.32.2.5.5.4,0.15
410,2019,Manitoba,2016A000246,Residual Criminal Code,12 to 15 years,Sex unknown,Related charges,Stayed or withdrawn,v60373466,8.32.2.5.5.6,23.0
411,2019,Manitoba,2016A000246,Residual Criminal Code,16 and 17 years,Sex unknown,Single-charge cases,Guilty,v60373632,8.32.3.5.3.3,1.0
412,2019,Manitoba,2016A000246,Residual Criminal Code,16 and 17 years,Sex unknown,Single-charge cases,Percentage guilty,v61314130,8.32.3.5.3.4,0.5
413,2019,Manitoba,2016A000246,Residual Criminal Code,16 and 17 years,Sex unknown,Single-charge cases,Stayed or withdrawn,v60373634,8.32.3.5.3.6,1.0
414,2019,Manitoba,2016A000246,Residual Criminal Code,16 and 17 years,Sex unknown,Multiple-charge cases,Guilty,v60373638,8.32.3.5.4.3,12.0
415,2019,Manitoba,2016A000246,Residual Criminal Code,16 and 17 years,Sex unknown,Multiple-charge cases,Percentage guilty,v61314131,8.32.3.5.4.4,0.86
416,2019,Manitoba,2016A000246,Residual Criminal Code,16 and 17 years,Sex unknown,Multiple-charge cases,Stayed or withdrawn,v60373640,8.32.3.5.4.6,2.0
417,2019,Manitoba,2016A000246,Residual Criminal Code,16 and 17 years,Sex unknown,Related charges,Guilty,v60373644,8.32.3.5.5.3,4.0
418,2019,Manitoba,2016A000246,Residual Criminal Code,16 and 17 years,Sex unknown,Related charges,Percentage guilty,v61314132,8.32.3.5.5.4,0.15
419,2019,Manitoba,2016A000246,Residual Criminal Code,16 and 17 years,Sex unknown,Related charges,Stayed or withdrawn,v60373646,8.32.3.5.5.6,22.0
420,2019,Manitoba,2016A000246,Residual Criminal Code,Other ages,Sex unknown,Related charges,Stayed or withdrawn,v60373826,8.32.4.5.5.6,1.0
421,2019,Manitoba,2016A000246,Criminal Code traffic,12 to 15 years,Sex unknown,Multiple-charge cases,Guilty,v60374478,8.33.2.5.4.3,3.0
422,2019,Manitoba,2016A000246,Criminal Code traffic,12 to 15 years,Sex unknown,Multiple-charge cases,Percentage guilty,v61314221,8.33.2.5.4.4,1.0
423,2019,Manitoba,2016A000246,Criminal Code traffic,12 to 15 years,Sex unknown,Related charges,Guilty,v60374484,8.33.2.5.5.3,3.0
424,2019,Manitoba,2016A000246,Criminal Code traffic,12 to 15 years,Sex unknown,Related charges,Percentage guilty,v61314222,8.33.2.5.5.4,0.5
425,2019,Manitoba,2016A000246,Criminal Code traffic,12 to 15 years,Sex unknown,Related charges,Stayed or withdrawn,v60374486,8.33.2.5.5.6,3.0
426,2019,Manitoba,2016A000246,Criminal Code traffic,16 and 17 years,Sex unknown,Single-charge cases,Stayed or withdrawn,v60374654,8.33.3.5.3.6,1.0
427,2019,Manitoba,2016A000246,Criminal Code traffic,16 and 17 years,Sex unknown,Multiple-charge cases,Guilty,v60374658,8.33.3.5.4.3,4.0
428,2019,Manitoba,2016A000246,Criminal Code traffic,16 and 17 years,Sex unknown,Multiple-charge cases,Percentage guilty,v61314241,8.33.3.5.4.4,0.57
429,2019,Manitoba,2016A000246,Criminal Code traffic,16 and 17 years,Sex unknown,Multiple-charge cases,Stayed or withdrawn,v60374660,8.33.3.5.4.6,3.0
430,2019,Manitoba,2016A000246,Criminal Code traffic,16 and 17 years,Sex unknown,Related charges,Guilty,v60374664,8.33.3.5.5.3,1.0
431,2019,Manitoba,2016A000246,Criminal Code traffic,16 and 17 years,Sex unknown,Related charges,Percentage guilty,v61314242,8.33.3.5.5.4,0.08
432,2019,Manitoba,2016A000246,Criminal Code traffic,16 and 17 years,Sex unknown,Related charges,Stayed or withdrawn,v60374666,8.33.3.5.5.6,11.0
433,2019,Manitoba,2016A000246,Impaired driving,12 to 15 years,Sex unknown,Related charges,Guilty,v60375504,8.34.2.5.5.3,1.0
434,2019,Manitoba,2016A000246,Impaired driving,12 to 15 years,Sex unknown,Related charges,Percentage guilty,v61314332,8.34.2.5.5.4,1.0
435,2019,Manitoba,2016A000246,Impaired driving,16 and 17 years,Sex unknown,Single-charge cases,Stayed or withdrawn,v60375674,8.34.3.5.3.6,1.0
436,2019,Manitoba,2016A000246,Impaired driving,16 and 17 years,Sex unknown,Multiple-charge cases,Guilty,v60375678,8.34.3.5.4.3,1.0
437,2019,Manitoba,2016A000246,Impaired driving,16 and 17 years,Sex unknown,Multiple-charge cases,Percentage guilty,v61314351,8.34.3.5.4.4,1.0
438,2019,Manitoba,2016A000246,Impaired driving,16 and 17 years,Sex unknown,Related charges,Guilty,v60375684,8.34.3.5.5.3,1.0
439,2019,Manitoba,2016A000246,Impaired driving,16 and 17 years,Sex unknown,Related charges,Percentage guilty,v61314352,8.34.3.5.5.4,0.2
440,2019,Manitoba,2016A000246,Impaired driving,16 and 17 years,Sex unknown,Related charges,Stayed or withdrawn,v60375686,8.34.3.5.5.6,4.0
441,2019,Manitoba,2016A000246,Other Criminal Code traffic,12 to 15 years,Sex unknown,Multiple-charge cases,Guilty,v60376518,8.35.2.5.4.3,3.0
442,2019,Manitoba,2016A000246,Other Criminal Code traffic,12 to 15 years,Sex unknown,Multiple-charge cases,Percentage guilty,v61314441,8.35.2.5.4.4,1.0
443,2019,Manitoba,2016A000246,Other Criminal Code traffic,12 to 15 years,Sex unknown,Related charges,Guilty,v60376524,8.35.2.5.5.3,2.0
444,2019,Manitoba,2016A000246,Other Criminal Code traffic,12 to 15 years,Sex unknown,Related charges,Percentage guilty,v61314442,8.35.2.5.5.4,0.4
445,2019,Manitoba,2016A000246,Other Criminal Code traffic,12 to 15 years,Sex unknown,Related charges,Stayed or withdrawn,v60376526,8.35.2.5.5.6,3.0
446,2019,Manitoba,2016A000246,Other Criminal Code traffic,16 and 17 years,Sex unknown,Multiple-charge cases,Guilty,v60376698,8.35.3.5.4.3,3.0
447,2019,Manitoba,2016A000246,Other Criminal Code traffic,16 and 17 years,Sex unknown,Multiple-charge cases,Percentage guilty,v61314461,8.35.3.5.4.4,0.5
448,2019,Manitoba,2016A000246,Other Criminal Code traffic,16 and 17 years,Sex unknown,Multiple-charge cases,Stayed or withdrawn,v60376700,8.35.3.5.4.6,3.0
449,2019,Manitoba,2016A000246,Other Criminal Code traffic,16 and 17 years,Sex unknown,Related charges,Stayed or withdrawn,v60376706,8.35.3.5.5.6,7.0
450,2019,Manitoba,2016A000246,Drug possession,12 to 15 years,Sex unknown,Single-charge cases,Stayed or withdrawn,v60378554,8.37.2.5.3.6,3.0
451,2019,Manitoba,2016A000246,Drug possession,12 to 15 years,Sex unknown,Related charges,Guilty,v60378564,8.37.2.5.5.3,3.0
452,2019,Manitoba,2016A000246,Drug possession,12 to 15 years,Sex unknown,Related charges,Percentage guilty,v61314662,8.37.2.5.5.4,0.43
453,2019,Manitoba,2016A000246,Drug possession,12 to 15 years,Sex unknown,Related charges,Stayed or withdrawn,v60378566,8.37.2.5.5.6,4.0
454,2019,Manitoba,2016A000246,Drug possession,16 and 17 years,Sex unknown,Single-charge cases,Stayed or withdrawn,v60378734,8.37.3.5.3.6,3.0
455,2019,Manitoba,2016A000246,Drug possession,16 and 17 years,Sex unknown,Related charges,Guilty,v60378744,8.37.3.5.5.3,2.0
456,2019,Manitoba,2016A000246,Drug possession,16 and 17 years,Sex unknown,Related charges,Percentage guilty,v61314682,8.37.3.5.5.4,0.13
457,2019,Manitoba,2016A000246,Drug possession,16 and 17 years,Sex unknown,Related charges,Stayed or withdrawn,v60378746,8.37.3.5.5.6,13.0
458,2019,Manitoba,2016A000246,Other drug offences,12 to 15 years,Sex unknown,Single-charge cases,Guilty,v60379572,8.38.2.5.3.3,1.0
459,2019,Manitoba,2016A000246,Other drug offences,12 to 15 years,Sex unknown,Single-charge cases,Percentage guilty,v61314770,8.38.2.5.3.4,1.0
460,2019,Manitoba,2016A000246,Other drug offences,12 to 15 years,Sex unknown,Related charges,Stayed or withdrawn,v60379586,8.38.2.5.5.6,1.0
461,2019,Manitoba,2016A000246,Other drug offences,16 and 17 years,Sex unknown,Single-charge cases,Guilty,v60379752,8.38.3.5.3.3,2.0
462,2019,Manitoba,2016A000246,Other drug offences,16 and 17 years,Sex unknown,Single-charge cases,Percentage guilty,v61314790,8.38.3.5.3.4,0.5
463,2019,Manitoba,2016A000246,Other drug offences,16 and 17 years,Sex unknown,Single-charge cases,Stayed or withdrawn,v60379754,8.38.3.5.3.6,2.0
464,2019,Manitoba,2016A000246,Other drug offences,16 and 17 years,Sex unknown,Multiple-charge cases,Guilty,v60379758,8.38.3.5.4.3,9.0
465,2019,Manitoba,2016A000246,Other drug offences,16 and 17 years,Sex unknown,Multiple-charge cases,Percentage guilty,v61314791,8.38.3.5.4.4,0.82
466,2019,Manitoba,2016A000246,Other drug offences,16 and 17 years,Sex unknown,Multiple-charge cases,Stayed or withdrawn,v60379760,8.38.3.5.4.6,2.0
467,2019,Manitoba,2016A000246,Other drug offences,16 and 17 years,Sex unknown,Related charges,Guilty,v60379764,8.38.3.5.5.3,2.0
468,2019,Manitoba,2016A000246,Other drug offences,16 and 17 years,Sex unknown,Related charges,Percentage guilty,v61314792,8.38.3.5.5.4,0.17
469,2019,Manitoba,2016A000246,Other drug offences,16 and 17 years,Sex unknown,Related charges,Stayed or withdrawn,v60379766,8.38.3.5.5.6,10.0
470,2019,Manitoba,2016A000246,Residual federal statutes,16 and 17 years,Sex unknown,Related charges,Stayed or withdrawn,v60381806,8.40.3.5.5.6,1.0
