,REF_DATE,Admissions,Correctional_services,Corrections,Geography,Population,Youth_corrections_per_1000_population
0,1997,Youth admissions,Pre-trial detention,4966.0,Ontario,11179959,0.4441876754646417
1,1997,Youth admissions,Secure custody,3738.0,Ontario,11179959,0.3343482744435825
2,1997,Youth admissions,Open custody,4219.0,Ontario,11179959,0.3773716880357074
3,1997,Youth admissions,Supervised probation,17699.0,Ontario,11179959,1.5831006178108524
4,1997,Youth admissions,Pre-trial detention,1789.0,Manitoba,1135846,1.5750374610642641
5,1997,Youth admissions,Secure custody,276.0,Manitoba,1135846,0.2429906871177959
6,1997,Youth admissions,Open custody,441.0,Manitoba,1135846,0.3882568587643043
7,1997,Youth admissions,Pre-trial detention,3307.0,Alberta,2813157,1.175547614299522
8,1997,Youth admissions,Secure custody,1053.0,Alberta,2813157,0.3743125605858471
9,1997,Youth admissions,Open custody,783.0,Alberta,2813157,0.27833498094845044
10,1997,Youth admissions,Supervised probation,3507.0,Alberta,2813157,1.2466421177346305
11,1997,Youth admissions,Pre-trial detention,2653.0,British Columbia,3931056,0.674882270819851
12,1997,Youth admissions,Secure custody,821.0,British Columbia,3931056,0.208849734015491
13,1997,Youth admissions,Open custody,740.0,British Columbia,3931056,0.18824458364368252
14,1997,Youth admissions,Supervised probation,4424.0,British Columbia,3931056,1.1253973487022315
15,1998,Youth admissions,Pre-trial detention,4843.0,Ontario,11322038,0.4277498450367328
16,1998,Youth admissions,Secure custody,3591.0,Ontario,11322038,0.31716904677408786
17,1998,Youth admissions,Open custody,3904.0,Ontario,11322038,0.3448142463397491
18,1998,Youth admissions,Supervised probation,17044.0,Ontario,11322038,1.5053826881697447
19,1998,Youth admissions,Pre-trial detention,1636.0,Manitoba,1136177,1.439916491884627
20,1998,Youth admissions,Secure custody,238.0,Manitoba,1136177,0.20947440407612547
21,1998,Youth admissions,Open custody,448.0,Manitoba,1136177,0.39430476061388325
22,1998,Youth admissions,Secure custody,332.0,Saskatchewan,1017105,0.32641664331607845
23,1998,Youth admissions,Open custody,449.0,Saskatchewan,1017105,0.4414490146051784
24,1998,Youth admissions,Supervised probation,1957.0,Saskatchewan,1017105,1.9240884667757998
25,1998,Youth admissions,Pre-trial detention,2851.0,Alberta,2876753,0.9910478932324048
26,1998,Youth admissions,Secure custody,999.0,Alberta,2876753,0.3472665188843116
27,1998,Youth admissions,Open custody,703.0,Alberta,2876753,0.24437273551118222
28,1998,Youth admissions,Supervised probation,3387.0,Alberta,2876753,1.177369068529693
29,1998,Youth admissions,Pre-trial detention,2393.0,British Columbia,3977912,0.6015718799209233
30,1998,Youth admissions,Secure custody,660.0,British Columbia,3977912,0.16591618919674442
31,1998,Youth admissions,Open custody,824.0,British Columbia,3977912,0.2071438483304809
32,1998,Youth admissions,Supervised probation,4094.0,British Columbia,3977912,1.0291831493507146
33,1999,Youth admissions,Pre-trial detention,4927.0,Ontario,11452857,0.43019833391790363
34,1999,Youth admissions,Secure custody,3350.0,Ontario,11452857,0.29250343385934185
35,1999,Youth admissions,Open custody,4188.0,Ontario,11452857,0.3656729495531115
36,1999,Youth admissions,Supervised probation,16267.0,Ontario,11452857,1.4203442861462428
37,1999,Youth admissions,Pre-trial detention,1858.0,Manitoba,1140502,1.6291071826265977
38,1999,Youth admissions,Secure custody,202.0,Manitoba,1140502,0.1771149897150553
39,1999,Youth admissions,Open custody,377.0,Manitoba,1140502,0.3305561936761181
40,1999,Youth admissions,Secure custody,301.0,Saskatchewan,1015716,0.29634267846524026
41,1999,Youth admissions,Open custody,344.0,Saskatchewan,1015716,0.33867734681741746
42,1999,Youth admissions,Supervised probation,1634.0,Saskatchewan,1015716,1.6087173973827331
43,1999,Youth admissions,Pre-trial detention,2484.0,Alberta,2937393,0.845647824448414
44,1999,Youth admissions,Secure custody,1005.0,Alberta,2937393,0.342140122210409
45,1999,Youth admissions,Open custody,638.0,Alberta,2937393,0.2171994009654139
46,1999,Youth admissions,Supervised probation,3115.0,Alberta,2937393,1.060464159885994
47,1999,Youth admissions,Pre-trial detention,2377.0,British Columbia,4002433,0.5938887671573766
48,1999,Youth admissions,Secure custody,649.0,British Columbia,4002433,0.16215137142832872
49,1999,Youth admissions,Open custody,703.0,British Columbia,4002433,0.17564316504486147
50,1999,Youth admissions,Supervised probation,3329.0,British Columbia,4002433,0.8317440916562501
51,2000,Youth admissions,Pre-trial detention,5693.0,Ontario,11621255,0.4898782446474154
52,2000,Youth admissions,Secure custody,3359.0,Ontario,11621255,0.28903935074137865
53,2000,Youth admissions,Open custody,4259.0,Ontario,11621255,0.3664836543041177
54,2000,Youth admissions,Supervised probation,16634.0,Ontario,11621255,1.4313428282917808
55,2000,Youth admissions,Pre-trial detention,2077.0,Manitoba,1145873,1.812591796822161
56,2000,Youth admissions,Secure custody,168.0,Manitoba,1145873,0.14661310633900965
57,2000,Youth admissions,Open custody,310.0,Manitoba,1145873,0.27053608907793447
58,2000,Youth admissions,Supervised probation,1183.0,Manitoba,1145873,1.0324006238038597
59,2000,Youth admissions,Secure custody,285.0,Saskatchewan,1009177,0.2824083386759706
60,2000,Youth admissions,Open custody,329.0,Saskatchewan,1009177,0.3260082225417345
61,2000,Youth admissions,Supervised probation,1507.0,Saskatchewan,1009177,1.4932960224024132
62,2000,Youth admissions,Pre-trial detention,2406.0,Alberta,2988465,0.8050955925533677
63,2000,Youth admissions,Secure custody,845.0,Alberta,2988465,0.2827538552400647
64,2000,Youth admissions,Open custody,584.0,Alberta,2988465,0.19541804906532284
65,2000,Youth admissions,Supervised probation,3139.0,Alberta,2988465,1.0503720137261103
66,2000,Youth admissions,Pre-trial detention,1946.0,British Columbia,4033319,0.482481053445066
67,2000,Youth admissions,Secure custody,560.0,British Columbia,4033319,0.1388434686172852
68,2000,Youth admissions,Open custody,649.0,British Columbia,4033319,0.160909662736818
69,2000,Youth admissions,Supervised probation,3333.0,British Columbia,4033319,0.8263665730382347
70,2001,Youth admissions,Pre-trial detention,6554.0,Ontario,11827345,0.5541395807765817
71,2001,Youth admissions,Secure custody,4020.0,Ontario,11827345,0.33989031350653925
72,2001,Youth admissions,Open custody,4342.0,Ontario,11827345,0.3671153585187546
73,2001,Youth admissions,Supervised probation,17909.0,Ontario,11827345,1.5142028916887096
74,2001,Youth admissions,Pre-trial detention,1602.0,Manitoba,1149684,1.3934263675931822
75,2001,Youth admissions,Secure custody,166.0,Manitoba,1149684,0.14438750126121613
76,2001,Youth admissions,Open custody,267.0,Manitoba,1149684,0.23223772793219702
77,2001,Youth admissions,Supervised probation,1316.0,Manitoba,1149684,1.1446623593961471
78,2001,Youth admissions,Secure custody,261.0,Saskatchewan,1001643,0.260571880400502
79,2001,Youth admissions,Open custody,325.0,Saskatchewan,1001643,0.32446690088185115
80,2001,Youth admissions,Supervised probation,1640.0,Saskatchewan,1001643,1.6373098998345719
81,2001,Youth admissions,Pre-trial detention,2353.0,Alberta,3041238,0.7736980795320854
82,2001,Youth admissions,Secure custody,897.0,Alberta,3041238,0.294945676727701
83,2001,Youth admissions,Open custody,510.0,Alberta,3041238,0.16769486636692033
84,2001,Youth admissions,Supervised probation,2954.0,Alberta,3041238,0.9713149710742797
85,2001,Youth admissions,Pre-trial detention,1610.0,British Columbia,4066132,0.3959536975189197
86,2001,Youth admissions,Secure custody,458.0,British Columbia,4066132,0.11263775991532002
87,2001,Youth admissions,Open custody,546.0,British Columbia,4066132,0.13427994959337278
88,2001,Youth admissions,Supervised probation,3171.0,British Columbia,4066132,0.7798566303307418
89,2002,Youth admissions,Pre-trial detention,6368.0,Ontario,12030408,0.5293253562140204
90,2002,Youth admissions,Secure custody,1601.0,Ontario,12030408,0.13307944335719954
91,2002,Youth admissions,Open custody,1507.0,Ontario,12030408,0.1252659095186132
92,2002,Youth admissions,Supervised probation,7963.0,Ontario,12030408,0.6619060633687569
93,2002,Youth admissions,Pre-trial detention,1966.0,Manitoba,1154737,1.702552182878006
94,2002,Youth admissions,Secure custody,223.0,Manitoba,1154737,0.19311756703041472
95,2002,Youth admissions,Open custody,364.0,Manitoba,1154737,0.3152232932693765
96,2002,Youth admissions,Supervised probation,1087.0,Manitoba,1154737,0.9413398895159677
97,2002,Youth admissions,Secure custody,309.0,Saskatchewan,997740,0.30969992182332073
98,2002,Youth admissions,Open custody,347.0,Saskatchewan,997740,0.347785996351755
99,2002,Youth admissions,Supervised probation,1715.0,Saskatchewan,997740,1.7188846793753885
100,2002,Youth admissions,Pre-trial detention,2225.0,Alberta,3108360,0.7158115533593278
101,2002,Youth admissions,Secure custody,845.0,Alberta,3108360,0.27184753374769977
102,2002,Youth admissions,Open custody,389.0,Alberta,3108360,0.12514637944124876
103,2002,Youth admissions,Supervised probation,2632.0,Alberta,3108360,0.846748767838989
104,2002,Youth admissions,Pre-trial detention,1522.0,British Columbia,4094236,0.37174212722471295
105,2002,Youth admissions,Secure custody,448.0,British Columbia,4094236,0.10942212417652525
106,2002,Youth admissions,Open custody,485.0,British Columbia,4094236,0.11845921925360434
107,2002,Youth admissions,Supervised probation,2281.0,British Columbia,4094236,0.5571246992112814
108,2003,Youth admissions,Pre-trial detention,5640.0,Ontario,12195501,0.46246562564342375
109,2003,Youth admissions,Secure custody,1218.0,Ontario,12195501,0.09987289575065428
110,2003,Youth admissions,Custody and supervision (secure),1205.0,Ontario,12195501,0.09880692888303647
111,2003,Youth admissions,Young Offenders Act (YOA) (secure),8.0,Ontario,12195501,0.0006559796108417358
112,2003,Youth admissions,Open custody,1234.0,Ontario,12195501,0.10118485497233774
113,2003,Youth admissions,Custody and supervision (open),1200.0,Ontario,12195501,0.09839694162626038
114,2003,Youth admissions,Young Offenders Act (YOA) (open),33.0,Ontario,12195501,0.0027059158947221607
115,2003,Youth admissions,Community Portion of Custody Supervision,1865.0,Ontario,12195501,0.15292524677747965
116,2003,Youth admissions,Intensive support and supervision,0.0,Ontario,12195501,0.0
117,2003,Youth admissions,Deferred custody and supervision,449.0,Ontario,12195501,0.03681685565849242
118,2003,Youth admissions,Supervised probation,11091.0,Ontario,12195501,0.9094337329807115
119,2003,Youth admissions,Other community sentences,3592.0,Ontario,12195501,0.2945348452679394
120,2003,Youth admissions,Pre-trial detention,1539.0,Manitoba,1160863,1.3257378346971176
121,2003,Youth admissions,Provincial director remand,97.0,Manitoba,1160863,0.0835585249939054
122,2003,Youth admissions,Secure custody,114.0,Manitoba,1160863,0.09820280257015686
123,2003,Youth admissions,Custody and supervision (secure),106.0,Manitoba,1160863,0.09131137782839147
124,2003,Youth admissions,Young Offenders Act (YOA) (secure),7.0,Manitoba,1160863,0.006029996649044719
125,2003,Youth admissions,Open custody,261.0,Manitoba,1160863,0.22483273220009597
126,2003,Youth admissions,Custody and supervision (open),212.0,Manitoba,1160863,0.18262275565678293
127,2003,Youth admissions,Young Offenders Act (YOA) (open),49.0,Manitoba,1160863,0.04220997654331303
128,2003,Youth admissions,Community Portion of Custody Supervision,193.0,Manitoba,1160863,0.1662556218950901
129,2003,Youth admissions,Deferred custody and supervision,112.0,Manitoba,1160863,0.0964799463847155
130,2003,Youth admissions,Supervised probation,788.0,Manitoba,1160863,0.6788053370638912
131,2003,Youth admissions,Other community sentences,725.0,Manitoba,1160863,0.6245353672224888
132,2003,Youth admissions,Secure custody,239.0,Saskatchewan,995748,0.24002056745280934
133,2003,Youth admissions,Custody and supervision (secure),239.0,Saskatchewan,995748,0.24002056745280934
134,2003,Youth admissions,Open custody,256.0,Saskatchewan,995748,0.2570931601168167
135,2003,Youth admissions,Custody and supervision (open),256.0,Saskatchewan,995748,0.2570931601168167
136,2003,Youth admissions,Supervised probation,1339.0,Saskatchewan,995748,1.344717739829756
137,2003,Youth admissions,Pre-trial detention,2037.0,Alberta,3169049,0.6427795846640427
138,2003,Youth admissions,Secure custody,497.0,Alberta,3169049,0.156829383199818
139,2003,Youth admissions,Custody and supervision (secure),497.0,Alberta,3169049,0.156829383199818
140,2003,Youth admissions,Open custody,239.0,Alberta,3169049,0.0754169468506167
141,2003,Youth admissions,Custody and supervision (open),239.0,Alberta,3169049,0.0754169468506167
142,2003,Youth admissions,Community Portion of Custody Supervision,366.0,Alberta,3169049,0.1154920608674716
143,2003,Youth admissions,Intensive support and supervision,52.0,Alberta,3169049,0.016408708101389405
144,2003,Youth admissions,Deferred custody and supervision,263.0,Alberta,3169049,0.08299019674356566
145,2003,Youth admissions,Supervised probation,2144.0,Alberta,3169049,0.6765436571034402
146,2003,Youth admissions,Other community sentences,1426.0,Alberta,3169049,0.44997726447271724
147,2003,Youth admissions,Pre-trial detention,1301.0,British Columbia,4114925,0.31616615126642644
148,2003,Youth admissions,Secure custody,242.0,British Columbia,4114925,0.05881030638468502
149,2003,Youth admissions,Custody and supervision (secure),242.0,British Columbia,4114925,0.05881030638468502
150,2003,Youth admissions,Young Offenders Act (YOA) (secure),0.0,British Columbia,4114925,0.0
151,2003,Youth admissions,Open custody,315.0,British Columbia,4114925,0.07655060541808173
152,2003,Youth admissions,Custody and supervision (open),315.0,British Columbia,4114925,0.07655060541808173
153,2003,Youth admissions,Supervised probation,1664.0,British Columbia,4114925,0.404381610843454
154,2004,Youth admissions,Pre-trial detention,8351.0,Ontario,12341656,0.6766514963632109
155,2004,Youth admissions,Secure custody,1097.0,Ontario,12341656,0.08888596473601275
156,2004,Youth admissions,Custody and supervision (secure),1093.0,Ontario,12341656,0.08856185912166083
157,2004,Youth admissions,Young Offenders Act (YOA) (secure),0.0,Ontario,12341656,0.0
158,2004,Youth admissions,Open custody,1121.0,Ontario,12341656,0.09083059842212422
159,2004,Youth admissions,Custody and supervision (open),1121.0,Ontario,12341656,0.09083059842212422
160,2004,Youth admissions,Young Offenders Act (YOA) (open),0.0,Ontario,12341656,0.0
161,2004,Youth admissions,Community Portion of Custody Supervision,2038.0,Ontario,12341656,0.16513181051230078
162,2004,Youth admissions,Intensive support and supervision,0.0,Ontario,12341656,0.0
163,2004,Youth admissions,Deferred custody and supervision,502.0,Ontario,12341656,0.040675254601165355
164,2004,Youth admissions,Supervised probation,7593.0,Ontario,12341656,0.6152334824435229
165,2004,Youth admissions,Other community sentences,2784.0,Ontario,12341656,0.22557750758893297
166,2004,Youth admissions,Pre-trial detention,1552.0,Manitoba,1170347,1.3261024294504107
167,2004,Youth admissions,Provincial director remand,180.0,Manitoba,1170347,0.15380053949811467
168,2004,Youth admissions,Secure custody,136.0,Manitoba,1170347,0.11620485206524218
169,2004,Youth admissions,Custody and supervision (secure),133.0,Manitoba,1170347,0.11364150974027361
170,2004,Youth admissions,Young Offenders Act (YOA) (secure),0.0,Manitoba,1170347,0.0
171,2004,Youth admissions,Open custody,243.0,Manitoba,1170347,0.2076307283224548
172,2004,Youth admissions,Custody and supervision (open),243.0,Manitoba,1170347,0.2076307283224548
173,2004,Youth admissions,Young Offenders Act (YOA) (open),0.0,Manitoba,1170347,0.0
174,2004,Youth admissions,Community Portion of Custody Supervision,288.0,Manitoba,1170347,0.2460808631969835
175,2004,Youth admissions,Deferred custody and supervision,121.0,Manitoba,1170347,0.1033881404403993
176,2004,Youth admissions,Supervised probation,931.0,Manitoba,1170347,0.7954905681819153
177,2004,Youth admissions,Other community sentences,775.0,Manitoba,1170347,0.6621967672835493
178,2004,Youth admissions,Secure custody,160.0,Saskatchewan,997080,0.16046856821920005
179,2004,Youth admissions,Custody and supervision (secure),160.0,Saskatchewan,997080,0.16046856821920005
180,2004,Youth admissions,Open custody,216.0,Saskatchewan,997080,0.21663256709592008
181,2004,Youth admissions,Custody and supervision (open),216.0,Saskatchewan,997080,0.21663256709592008
182,2004,Youth admissions,Community Portion of Custody Supervision,214.0,Saskatchewan,997080,0.2146267099931801
183,2004,Youth admissions,Deferred custody and supervision,167.0,Saskatchewan,997080,0.16748906807879008
184,2004,Youth admissions,Supervised probation,1265.0,Saskatchewan,997080,1.2687046174830505
185,2004,Youth admissions,Pre-trial detention,1655.0,Alberta,3223490,0.5134186859583867
186,2004,Youth admissions,Secure custody,486.0,Alberta,3223490,0.15076826669231175
187,2004,Youth admissions,Custody and supervision (secure),486.0,Alberta,3223490,0.15076826669231175
188,2004,Youth admissions,Open custody,249.0,Alberta,3223490,0.07724546997198689
189,2004,Youth admissions,Custody and supervision (open),249.0,Alberta,3223490,0.07724546997198689
190,2004,Youth admissions,Community Portion of Custody Supervision,469.0,Alberta,3223490,0.14549447958579056
191,2004,Youth admissions,Intensive support and supervision,11.0,Alberta,3223490,0.0034124504806901834
192,2004,Youth admissions,Deferred custody and supervision,249.0,Alberta,3223490,0.07724546997198689
193,2004,Youth admissions,Supervised probation,1778.0,Alberta,3223490,0.5515760867879224
194,2004,Youth admissions,Other community sentences,1112.0,Alberta,3223490,0.3449677213206804
195,2004,Youth admissions,Pre-trial detention,1404.0,British Columbia,4145951,0.3386436549780738
196,2004,Youth admissions,Secure custody,225.0,British Columbia,4145951,0.05426981650289644
197,2004,Youth admissions,Custody and supervision (secure),225.0,British Columbia,4145951,0.05426981650289644
198,2004,Youth admissions,Young Offenders Act (YOA) (secure),0.0,British Columbia,4145951,0.0
199,2004,Youth admissions,Open custody,343.0,British Columbia,4145951,0.08273132026885992
200,2004,Youth admissions,Custody and supervision (open),343.0,British Columbia,4145951,0.08273132026885992
201,2004,Youth admissions,Supervised probation,1668.0,British Columbia,4145951,0.4023202396748056
202,2004,Youth admissions,Other community sentences,2320.0,British Columbia,4145951,0.5595821079409766
203,2005,Youth admissions,Pre-trial detention,8664.0,Ontario,12477967,0.6943438782936354
204,2005,Youth admissions,Secure custody,862.0,Ontario,12477967,0.06908176628452374
205,2005,Youth admissions,Custody and supervision (secure),857.0,Ontario,12477967,0.06868105998356944
206,2005,Youth admissions,Young Offenders Act (YOA) (secure),0.0,Ontario,12477967,0.0
207,2005,Youth admissions,Open custody,961.0,Ontario,12477967,0.07701575104341916
208,2005,Youth admissions,Custody and supervision (open),960.0,Ontario,12477967,0.07693560978322832
209,2005,Youth admissions,Young Offenders Act (YOA) (open),0.0,Ontario,12477967,0.0
210,2005,Youth admissions,Community Portion of Custody Supervision,1784.0,Ontario,12477967,0.14297200818049927
211,2005,Youth admissions,Intensive support and supervision,5.0,Ontario,12477967,0.0004007063009543141
212,2005,Youth admissions,Deferred custody and supervision,554.0,Ontario,12477967,0.04439825814573801
213,2005,Youth admissions,Supervised probation,7599.0,Ontario,12477967,0.6089934361903665
214,2005,Youth admissions,Other community sentences,2622.0,Ontario,12477967,0.21013038422044233
215,2005,Youth admissions,Pre-trial detention,1714.0,Manitoba,1177285,1.4558921586531723
216,2005,Youth admissions,Provincial director remand,228.0,Manitoba,1177285,0.1936659347566647
217,2005,Youth admissions,Secure custody,95.0,Manitoba,1177285,0.08069413948194362
218,2005,Youth admissions,Custody and supervision (secure),93.0,Manitoba,1177285,0.07899531549285008
219,2005,Youth admissions,Young Offenders Act (YOA) (secure),0.0,Manitoba,1177285,0.0
220,2005,Youth admissions,Open custody,271.0,Manitoba,1177285,0.23019065052217602
221,2005,Youth admissions,Custody and supervision (open),270.0,Manitoba,1177285,0.22934123852762925
222,2005,Youth admissions,Young Offenders Act (YOA) (open),0.0,Manitoba,1177285,0.0
223,2005,Youth admissions,Community Portion of Custody Supervision,321.0,Manitoba,1177285,0.2726612502495148
224,2005,Youth admissions,Deferred custody and supervision,153.0,Manitoba,1177285,0.12996003516565657
225,2005,Youth admissions,Supervised probation,936.0,Manitoba,1177285,0.7950496268957814
226,2005,Youth admissions,Other community sentences,731.0,Manitoba,1177285,0.6209201680136925
227,2005,Youth admissions,Secure custody,117.0,Saskatchewan,994892,0.11760070439806532
228,2005,Youth admissions,Custody and supervision (secure),117.0,Saskatchewan,994892,0.11760070439806532
229,2005,Youth admissions,Open custody,159.0,Saskatchewan,994892,0.1598163418742939
230,2005,Youth admissions,Custody and supervision (open),159.0,Saskatchewan,994892,0.1598163418742939
231,2005,Youth admissions,Community Portion of Custody Supervision,124.0,Saskatchewan,994892,0.12463664397743675
232,2005,Youth admissions,Deferred custody and supervision,159.0,Saskatchewan,994892,0.1598163418742939
233,2005,Youth admissions,Supervised probation,1215.0,Saskatchewan,994892,1.2212380841337551
234,2005,Youth admissions,Pre-trial detention,1797.0,Alberta,3296271,0.5451614870257937
235,2005,Youth admissions,Secure custody,231.0,Alberta,3296271,0.07007918948411705
236,2005,Youth admissions,Custody and supervision (secure),231.0,Alberta,3296271,0.07007918948411705
237,2005,Youth admissions,Open custody,67.0,Alberta,3296271,0.020325998681540444
238,2005,Youth admissions,Custody and supervision (open),67.0,Alberta,3296271,0.020325998681540444
239,2005,Youth admissions,Community Portion of Custody Supervision,505.0,Alberta,3296271,0.15320342289817795
240,2005,Youth admissions,Intensive support and supervision,13.0,Alberta,3296271,0.003943850490448146
241,2005,Youth admissions,Deferred custody and supervision,205.0,Alberta,3296271,0.06219148850322076
242,2005,Youth admissions,Supervised probation,1789.0,Alberta,3296271,0.5427345021085949
243,2005,Youth admissions,Other community sentences,1395.0,Alberta,3296271,0.423205494936551
244,2005,Youth admissions,Pre-trial detention,1290.0,British Columbia,4182963,0.30839383470520776
245,2005,Youth admissions,Secure custody,285.0,British Columbia,4182963,0.068133521620918
246,2005,Youth admissions,Custody and supervision (secure),285.0,British Columbia,4182963,0.068133521620918
247,2005,Youth admissions,Young Offenders Act (YOA) (secure),0.0,British Columbia,4182963,0.0
248,2005,Youth admissions,Open custody,217.0,British Columbia,4182963,0.051877102427155104
249,2005,Youth admissions,Custody and supervision (open),217.0,British Columbia,4182963,0.051877102427155104
250,2005,Youth admissions,Supervised probation,1520.0,British Columbia,4182963,0.3633787819782293
251,2005,Youth admissions,Other community sentences,2263.0,British Columbia,4182963,0.5410040681689032
252,2006,Youth admissions,Pre-trial detention,8794.0,Ontario,12618444,0.6969163551385574
253,2006,Youth admissions,Secure custody,736.0,Ontario,12618444,0.058327318328630695
254,2006,Youth admissions,Custody and supervision (secure),731.0,Ontario,12618444,0.05793107295955032
255,2006,Youth admissions,Young Offenders Act (YOA) (secure),0.0,Ontario,12618444,0.0
256,2006,Youth admissions,Open custody,803.0,Ontario,12618444,0.06363700627430767
257,2006,Youth admissions,Custody and supervision (open),803.0,Ontario,12618444,0.06363700627430767
258,2006,Youth admissions,Young Offenders Act (YOA) (open),0.0,Ontario,12618444,0.0
259,2006,Youth admissions,Community Portion of Custody Supervision,1526.0,Ontario,12618444,0.1209340866433294
260,2006,Youth admissions,Intensive support and supervision,15.0,Ontario,12618444,0.0011887361072411146
261,2006,Youth admissions,Deferred custody and supervision,510.0,Ontario,12618444,0.0404170276461979
262,2006,Youth admissions,Supervised probation,7381.0,Ontario,12618444,0.5849374138364445
263,2006,Youth admissions,Other community sentences,2013.0,Ontario,12618444,0.15952838559175758
264,2006,Youth admissions,Pre-trial detention,1831.0,Manitoba,1181635,1.5495478722278877
265,2006,Youth admissions,Provincial director remand,208.0,Manitoba,1181635,0.1760272842290555
266,2006,Youth admissions,Secure custody,111.0,Manitoba,1181635,0.09393763725685172
267,2006,Youth admissions,Custody and supervision (secure),111.0,Manitoba,1181635,0.09393763725685172
268,2006,Youth admissions,Young Offenders Act (YOA) (secure),0.0,Manitoba,1181635,0.0
269,2006,Youth admissions,Open custody,267.0,Manitoba,1181635,0.22595810042864337
270,2006,Youth admissions,Custody and supervision (open),267.0,Manitoba,1181635,0.22595810042864337
271,2006,Youth admissions,Young Offenders Act (YOA) (open),0.0,Manitoba,1181635,0.0
272,2006,Youth admissions,Community Portion of Custody Supervision,285.0,Manitoba,1181635,0.24119123079461932
273,2006,Youth admissions,Deferred custody and supervision,148.0,Manitoba,1181635,0.12525018300913565
274,2006,Youth admissions,Supervised probation,913.0,Manitoba,1181635,0.7726582235631139
275,2006,Youth admissions,Other community sentences,801.0,Manitoba,1181635,0.6778743012859301
276,2006,Youth admissions,Secure custody,158.0,Saskatchewan,991228,0.1593982413733268
277,2006,Youth admissions,Custody and supervision (secure),158.0,Saskatchewan,991228,0.1593982413733268
278,2006,Youth admissions,Open custody,160.0,Saskatchewan,991228,0.16141594063121703
279,2006,Youth admissions,Custody and supervision (open),160.0,Saskatchewan,991228,0.16141594063121703
280,2006,Youth admissions,Community Portion of Custody Supervision,152.0,Saskatchewan,991228,0.1533451435996562
281,2006,Youth admissions,Deferred custody and supervision,187.0,Saskatchewan,991228,0.1886548806127349
282,2006,Youth admissions,Supervised probation,1301.0,Saskatchewan,991228,1.3125133672575835
283,2006,Youth admissions,Pre-trial detention,1915.0,Alberta,3396802,0.5637655653759036
284,2006,Youth admissions,Secure custody,182.0,Alberta,3396802,0.053579808302044105
285,2006,Youth admissions,Custody and supervision (secure),182.0,Alberta,3396802,0.053579808302044105
286,2006,Youth admissions,Open custody,75.0,Alberta,3396802,0.022079591333259933
287,2006,Youth admissions,Custody and supervision (open),75.0,Alberta,3396802,0.022079591333259933
288,2006,Youth admissions,Community Portion of Custody Supervision,467.0,Alberta,3396802,0.13748225536843184
289,2006,Youth admissions,Intensive support and supervision,19.0,Alberta,3396802,0.005593496471092516
290,2006,Youth admissions,Deferred custody and supervision,206.0,Alberta,3396802,0.06064527752868728
291,2006,Youth admissions,Supervised probation,1874.0,Alberta,3396802,0.5516953887803882
292,2006,Youth admissions,Other community sentences,1562.0,Alberta,3396802,0.45984428883402684
293,2006,Youth admissions,Pre-trial detention,1199.0,British Columbia,4227986,0.283586558706675
294,2006,Youth admissions,Secure custody,223.0,British Columbia,4227986,0.052743788650198936
295,2006,Youth admissions,Custody and supervision (secure),223.0,British Columbia,4227986,0.052743788650198936
296,2006,Youth admissions,Young Offenders Act (YOA) (secure),0.0,British Columbia,4227986,0.0
297,2006,Youth admissions,Open custody,207.0,British Columbia,4227986,0.048959480944355066
298,2006,Youth admissions,Custody and supervision (open),207.0,British Columbia,4227986,0.048959480944355066
299,2006,Youth admissions,Supervised probation,1405.0,British Columbia,4227986,0.33230952041941486
300,2006,Youth admissions,Other community sentences,2257.0,British Columbia,4227986,0.5338239057556008
301,2007,Youth admissions,Pre-trial detention,8789.0,Ontario,12726728,0.6905938431307717
302,2007,Youth admissions,Secure custody,696.0,Ontario,12726728,0.05468805493446548
303,2007,Youth admissions,Custody and supervision (secure),693.0,Ontario,12726728,0.054452330559747956
304,2007,Youth admissions,Young Offenders Act (YOA) (secure),0.0,Ontario,12726728,0.0
305,2007,Youth admissions,Open custody,795.0,Ontario,12726728,0.062466959300143766
306,2007,Youth admissions,Custody and supervision (open),795.0,Ontario,12726728,0.062466959300143766
307,2007,Youth admissions,Young Offenders Act (YOA) (open),0.0,Ontario,12726728,0.0
308,2007,Youth admissions,Community Portion of Custody Supervision,1467.0,Ontario,12726728,0.11526921923686906
309,2007,Youth admissions,Intensive support and supervision,16.0,Ontario,12726728,0.001257196665160126
310,2007,Youth admissions,Deferred custody and supervision,505.0,Ontario,12726728,0.039680269744116474
311,2007,Youth admissions,Supervised probation,7151.0,Ontario,12726728,0.5618883345350039
312,2007,Youth admissions,Other community sentences,1626.0,Ontario,12726728,0.12776261109689782
313,2007,Youth admissions,Pre-trial detention,1888.0,Manitoba,1186430,1.5913286076717548
314,2007,Youth admissions,Provincial director remand,204.0,Manitoba,1186430,0.1719444046424989
315,2007,Youth admissions,Secure custody,96.0,Manitoba,1186430,0.08091501394941125
316,2007,Youth admissions,Custody and supervision (secure),93.0,Manitoba,1186430,0.07838641976349216
317,2007,Youth admissions,Young Offenders Act (YOA) (secure),0.0,Manitoba,1186430,0.0
318,2007,Youth admissions,Open custody,219.0,Manitoba,1186430,0.18458737557209445
319,2007,Youth admissions,Custody and supervision (open),219.0,Manitoba,1186430,0.18458737557209445
320,2007,Youth admissions,Young Offenders Act (YOA) (open),0.0,Manitoba,1186430,0.0
321,2007,Youth admissions,Community Portion of Custody Supervision,266.0,Manitoba,1186430,0.22420201781816038
322,2007,Youth admissions,Deferred custody and supervision,171.0,Manitoba,1186430,0.14412986859738883
323,2007,Youth admissions,Supervised probation,983.0,Manitoba,1186430,0.8285360282528257
324,2007,Youth admissions,Other community sentences,775.0,Manitoba,1186430,0.653220164695768
325,2007,Youth admissions,Secure custody,115.0,Saskatchewan,997550,0.115282441982858
326,2007,Youth admissions,Custody and supervision (secure),115.0,Saskatchewan,997550,0.115282441982858
327,2007,Youth admissions,Open custody,190.0,Saskatchewan,997550,0.19046664327602625
328,2007,Youth admissions,Custody and supervision (open),190.0,Saskatchewan,997550,0.19046664327602625
329,2007,Youth admissions,Community Portion of Custody Supervision,137.0,Saskatchewan,997550,0.13733647436218735
330,2007,Youth admissions,Deferred custody and supervision,220.0,Saskatchewan,997550,0.22054032379329358
331,2007,Youth admissions,Supervised probation,1440.0,Saskatchewan,997550,1.4435366648288308
332,2007,Youth admissions,Pre-trial detention,1996.0,Alberta,3490842,0.57178182226523
333,2007,Youth admissions,Secure custody,202.0,Alberta,3490842,0.05786569543966757
334,2007,Youth admissions,Custody and supervision (secure),202.0,Alberta,3490842,0.05786569543966757
335,2007,Youth admissions,Open custody,51.0,Alberta,3490842,0.014609655779322009
336,2007,Youth admissions,Custody and supervision (open),51.0,Alberta,3490842,0.014609655779322009
337,2007,Youth admissions,Community Portion of Custody Supervision,414.0,Alberta,3490842,0.11859602926743748
338,2007,Youth admissions,Intensive support and supervision,19.0,Alberta,3490842,0.005442812937394474
339,2007,Youth admissions,Deferred custody and supervision,229.0,Alberta,3490842,0.06560021908754392
340,2007,Youth admissions,Supervised probation,1889.0,Alberta,3490842,0.5411301915125348
341,2007,Youth admissions,Other community sentences,1885.0,Alberta,3490842,0.5399843361572938
342,2007,Youth admissions,Pre-trial detention,1204.0,British Columbia,4276743,0.2815226446854534
343,2007,Youth admissions,Provincial director remand,126.0,British Columbia,4276743,0.02946167211824512
344,2007,Youth admissions,Secure custody,113.0,British Columbia,4276743,0.026421975788584913
345,2007,Youth admissions,Custody and supervision (secure),111.0,British Columbia,4276743,0.02595433019940642
346,2007,Youth admissions,Young Offenders Act (YOA) (secure),1.0,British Columbia,4276743,0.000233822794589247
347,2007,Youth admissions,Open custody,258.0,British Columbia,4276743,0.06032628100402573
348,2007,Youth admissions,Custody and supervision (open),258.0,British Columbia,4276743,0.06032628100402573
349,2007,Youth admissions,Community Portion of Custody Supervision,321.0,British Columbia,4276743,0.07505711706314828
350,2007,Youth admissions,Intensive support and supervision,320.0,British Columbia,4276743,0.07482329426855903
351,2007,Youth admissions,Deferred custody and supervision,213.0,British Columbia,4276743,0.04980425524750961
352,2007,Youth admissions,Supervised probation,1587.0,British Columbia,4276743,0.371076775013135
353,2007,Youth admissions,Other community sentences,3454.0,British Columbia,4276743,0.8076239325112591
354,2008,Youth admissions,Pre-trial detention,8157.0,Ontario,12840272,0.6352669164640748
355,2008,Youth admissions,Secure custody,611.0,Ontario,12840272,0.04758466175794407
356,2008,Youth admissions,Custody and supervision (secure),610.0,Ontario,12840272,0.047506781787800136
357,2008,Youth admissions,Young Offenders Act (YOA) (secure),0.0,Ontario,12840272,0.0
358,2008,Youth admissions,Open custody,701.0,Ontario,12840272,0.05459385907089819
359,2008,Youth admissions,Custody and supervision (open),701.0,Ontario,12840272,0.05459385907089819
360,2008,Youth admissions,Young Offenders Act (YOA) (open),0.0,Ontario,12840272,0.0
361,2008,Youth admissions,Community Portion of Custody Supervision,1241.0,Ontario,12840272,0.09664904294862289
362,2008,Youth admissions,Intensive support and supervision,15.0,Ontario,12840272,0.0011681995521590197
363,2008,Youth admissions,Deferred custody and supervision,530.0,Ontario,12840272,0.04127638417628536
364,2008,Youth admissions,Supervised probation,7067.0,Ontario,12840272,0.5503777490071862
365,2008,Youth admissions,Other community sentences,1337.0,Ontario,12840272,0.10412552008244062
366,2008,Youth admissions,Pre-trial detention,1831.0,Manitoba,1194662,1.5326510762039807
367,2008,Youth admissions,Provincial director remand,182.0,Manitoba,1194662,0.15234434509509803
368,2008,Youth admissions,Secure custody,136.0,Manitoba,1194662,0.11383973040073259
369,2008,Youth admissions,Custody and supervision (secure),131.0,Manitoba,1194662,0.10965444619482331
370,2008,Youth admissions,Young Offenders Act (YOA) (secure),0.0,Manitoba,1194662,0.0
371,2008,Youth admissions,Open custody,202.0,Manitoba,1194662,0.16908548191873518
372,2008,Youth admissions,Custody and supervision (open),198.0,Manitoba,1194662,0.16573725455400776
373,2008,Youth admissions,Young Offenders Act (YOA) (open),0.0,Manitoba,1194662,0.0
374,2008,Youth admissions,Community Portion of Custody Supervision,259.0,Manitoba,1194662,0.21679772186610105
375,2008,Youth admissions,Deferred custody and supervision,170.0,Manitoba,1194662,0.14229966300091576
376,2008,Youth admissions,Supervised probation,1032.0,Manitoba,1194662,0.8638426600996767
377,2008,Youth admissions,Other community sentences,805.0,Manitoba,1194662,0.6738307571513951
378,2008,Youth admissions,Secure custody,169.0,Saskatchewan,1013478,0.16675250967460564
379,2008,Youth admissions,Custody and supervision (secure),169.0,Saskatchewan,1013478,0.16675250967460564
380,2008,Youth admissions,Open custody,229.0,Saskatchewan,1013478,0.22595458411529407
381,2008,Youth admissions,Custody and supervision (open),229.0,Saskatchewan,1013478,0.22595458411529407
382,2008,Youth admissions,Community Portion of Custody Supervision,176.0,Saskatchewan,1013478,0.17365941835935264
383,2008,Youth admissions,Deferred custody and supervision,188.0,Saskatchewan,1013478,0.1854998332474903
384,2008,Youth admissions,Supervised probation,1328.0,Saskatchewan,1013478,1.31033924762057
385,2008,Youth admissions,Pre-trial detention,1977.0,Alberta,3567458,0.5541761108329797
386,2008,Youth admissions,Secure custody,194.0,Alberta,3567458,0.0543804580180061
387,2008,Youth admissions,Custody and supervision (secure),194.0,Alberta,3567458,0.0543804580180061
388,2008,Youth admissions,Open custody,56.0,Alberta,3567458,0.01569745179901207
389,2008,Youth admissions,Custody and supervision (open),56.0,Alberta,3567458,0.01569745179901207
390,2008,Youth admissions,Community Portion of Custody Supervision,440.0,Alberta,3567458,0.12333712127795199
391,2008,Youth admissions,Intensive support and supervision,39.0,Alberta,3567458,0.010932153931454833
392,2008,Youth admissions,Deferred custody and supervision,208.0,Alberta,3567458,0.058304820967759116
393,2008,Youth admissions,Supervised probation,1865.0,Alberta,3567458,0.5227812072349555
394,2008,Youth admissions,Other community sentences,1936.0,Alberta,3567458,0.5426833336229887
395,2008,Youth admissions,Pre-trial detention,1167.0,British Columbia,4331699,0.26940930106177735
396,2008,Youth admissions,Provincial director remand,139.0,British Columbia,4331699,0.032089025576338526
397,2008,Youth admissions,Secure custody,92.0,British Columbia,4331699,0.021238779518152114
398,2008,Youth admissions,Custody and supervision (secure),90.0,British Columbia,4331699,0.020777066919931416
399,2008,Youth admissions,Young Offenders Act (YOA) (secure),1.0,British Columbia,4331699,0.00023085629911034908
400,2008,Youth admissions,Open custody,233.0,British Columbia,4331699,0.053789517692711335
401,2008,Youth admissions,Custody and supervision (open),233.0,British Columbia,4331699,0.053789517692711335
402,2008,Youth admissions,Community Portion of Custody Supervision,287.0,British Columbia,4331699,0.0662557578446702
403,2008,Youth admissions,Intensive support and supervision,353.0,British Columbia,4331699,0.08149227358595322
404,2008,Youth admissions,Deferred custody and supervision,184.0,British Columbia,4331699,0.04247755903630423
405,2008,Youth admissions,Supervised probation,1432.0,British Columbia,4331699,0.33058622032601986
406,2008,Youth admissions,Other community sentences,3448.0,British Columbia,4331699,0.7959925193324836
407,2009,Youth admissions,Pre-trial detention,7513.0,Ontario,12956332,0.5798709079081951
408,2009,Youth admissions,Secure custody,596.0,Ontario,12956332,0.04600067364744899
409,2009,Youth admissions,Custody and supervision (secure),594.0,Ontario,12956332,0.045846308970779695
410,2009,Youth admissions,Young Offenders Act (YOA) (secure),0.0,Ontario,12956332,0.0
411,2009,Youth admissions,Open custody,718.0,Ontario,12956332,0.05541691892427579
412,2009,Youth admissions,Custody and supervision (open),718.0,Ontario,12956332,0.05541691892427579
413,2009,Youth admissions,Young Offenders Act (YOA) (open),0.0,Ontario,12956332,0.0
414,2009,Youth admissions,Community Portion of Custody Supervision,1295.0,Ontario,12956332,0.0999511281433665
415,2009,Youth admissions,Intensive support and supervision,15.0,Ontario,12956332,0.0011577350750196893
416,2009,Youth admissions,Deferred custody and supervision,578.0,Ontario,12956332,0.044611391557425356
417,2009,Youth admissions,Supervised probation,6448.0,Ontario,12956332,0.497671717581797
418,2009,Youth admissions,Other community sentences,1281.0,Ontario,12956332,0.09887057540668145
419,2009,Youth admissions,Pre-trial detention,2028.0,Manitoba,1204014,1.6843657964110053
420,2009,Youth admissions,Provincial director remand,175.0,Manitoba,1204014,0.1453471471261962
421,2009,Youth admissions,Secure custody,124.0,Manitoba,1204014,0.10298883567799046
422,2009,Youth admissions,Custody and supervision (secure),119.0,Manitoba,1204014,0.09883606004581341
423,2009,Youth admissions,Young Offenders Act (YOA) (secure),0.0,Manitoba,1204014,0.0
424,2009,Youth admissions,Open custody,163.0,Manitoba,1204014,0.1353804856089713
425,2009,Youth admissions,Custody and supervision (open),158.0,Manitoba,1204014,0.1312277099767943
426,2009,Youth admissions,Young Offenders Act (YOA) (open),0.0,Manitoba,1204014,0.0
427,2009,Youth admissions,Community Portion of Custody Supervision,287.0,Manitoba,1204014,0.23836932128696178
428,2009,Youth admissions,Deferred custody and supervision,154.0,Manitoba,1204014,0.12790548947105265
429,2009,Youth admissions,Supervised probation,1031.0,Manitoba,1204014,0.8563023353549045
430,2009,Youth admissions,Other community sentences,963.0,Manitoba,1204014,0.7998245867572968
431,2009,Youth admissions,Pre-trial detention,1947.0,Alberta,3659228,0.5320794440794615
432,2009,Youth admissions,Secure custody,203.0,Alberta,3659228,0.05547618240787401
433,2009,Youth admissions,Custody and supervision (secure),203.0,Alberta,3659228,0.05547618240787401
434,2009,Youth admissions,Open custody,73.0,Alberta,3659228,0.01994956313189558
435,2009,Youth admissions,Custody and supervision (open),73.0,Alberta,3659228,0.01994956313189558
436,2009,Youth admissions,Community Portion of Custody Supervision,390.0,Alberta,3659228,0.1065798578279353
437,2009,Youth admissions,Intensive support and supervision,41.0,Alberta,3659228,0.01120454915627012
438,2009,Youth admissions,Deferred custody and supervision,247.0,Alberta,3659228,0.06750057662435902
439,2009,Youth admissions,Supervised probation,1755.0,Alberta,3659228,0.4796093602257088
440,2009,Youth admissions,Other community sentences,2229.0,Alberta,3659228,0.6091448797396609
441,2009,Youth admissions,Pre-trial detention,1292.0,British Columbia,4395190,0.29395771286338024
442,2009,Youth admissions,Provincial director remand,157.0,British Columbia,4395190,0.03572086758479156
443,2009,Youth admissions,Secure custody,122.0,British Columbia,4395190,0.02775761684932847
444,2009,Youth admissions,Custody and supervision (secure),122.0,British Columbia,4395190,0.02775761684932847
445,2009,Youth admissions,Young Offenders Act (YOA) (secure),0.0,British Columbia,4395190,0.0
446,2009,Youth admissions,Open custody,296.0,British Columbia,4395190,0.06734634907705923
447,2009,Youth admissions,Custody and supervision (open),296.0,British Columbia,4395190,0.06734634907705923
448,2009,Youth admissions,Community Portion of Custody Supervision,330.0,British Columbia,4395190,0.07508207836293766
449,2009,Youth admissions,Intensive support and supervision,337.0,British Columbia,4395190,0.0766747285100303
450,2009,Youth admissions,Deferred custody and supervision,238.0,British Columbia,4395190,0.05415010500114899
451,2009,Youth admissions,Supervised probation,1300.0,British Columbia,4395190,0.2957778844600575
452,2009,Youth admissions,Other community sentences,3457.0,British Columbia,4395190,0.7865416512141682
453,2010,Youth admissions,Pre-trial detention,6539.0,Ontario,13088106,0.49961392427598006
454,2010,Youth admissions,Secure custody,536.0,Ontario,13088106,0.040953213551296115
455,2010,Youth admissions,Custody and supervision (secure),535.0,Ontario,13088106,0.04087680830213325
456,2010,Youth admissions,Young Offenders Act (YOA) (secure),0.0,Ontario,13088106,0.0
457,2010,Youth admissions,Open custody,674.0,Ontario,13088106,0.05149713793577161
458,2010,Youth admissions,Custody and supervision (open),674.0,Ontario,13088106,0.05149713793577161
459,2010,Youth admissions,Young Offenders Act (YOA) (open),0.0,Ontario,13088106,0.0
460,2010,Youth admissions,Community Portion of Custody Supervision,1176.0,Ontario,13088106,0.08985257301553028
461,2010,Youth admissions,Intensive support and supervision,18.0,Ontario,13088106,0.001375294484931586
462,2010,Youth admissions,Deferred custody and supervision,499.0,Ontario,13088106,0.03812621933227008
463,2010,Youth admissions,Supervised probation,5574.0,Ontario,13088106,0.42588285883381444
464,2010,Youth admissions,Other community sentences,723.0,Ontario,13088106,0.05524099514475204
465,2010,Youth admissions,Pre-trial detention,2003.0,Manitoba,1216610,1.646378050484543
466,2010,Youth admissions,Provincial director remand,173.0,Manitoba,1216610,0.14219840376127107
467,2010,Youth admissions,Secure custody,133.0,Manitoba,1216610,0.10932016011704655
468,2010,Youth admissions,Custody and supervision (secure),128.0,Manitoba,1216610,0.10521037966151849
469,2010,Youth admissions,Young Offenders Act (YOA) (secure),0.0,Manitoba,1216610,0.0
470,2010,Youth admissions,Open custody,158.0,Manitoba,1216610,0.12986906239468687
471,2010,Youth admissions,Custody and supervision (open),155.0,Manitoba,1216610,0.12740319412137005
472,2010,Youth admissions,Young Offenders Act (YOA) (open),0.0,Manitoba,1216610,0.0
473,2010,Youth admissions,Community Portion of Custody Supervision,241.0,Manitoba,1216610,0.19809141795645277
474,2010,Youth admissions,Deferred custody and supervision,155.0,Manitoba,1216610,0.12740319412137005
475,2010,Youth admissions,Supervised probation,1024.0,Manitoba,1216610,0.8416830372921479
476,2010,Youth admissions,Other community sentences,918.0,Manitoba,1216610,0.7545556916349528
477,2010,Youth admissions,Pre-trial detention,1910.0,Alberta,3714974,0.5141354959684779
478,2010,Youth admissions,Secure custody,216.0,Alberta,3714974,0.05814307179538807
479,2010,Youth admissions,Custody and supervision (secure),216.0,Alberta,3714974,0.05814307179538807
480,2010,Youth admissions,Open custody,70.0,Alberta,3714974,0.0188426621559128
481,2010,Youth admissions,Custody and supervision (open),70.0,Alberta,3714974,0.0188426621559128
482,2010,Youth admissions,Community Portion of Custody Supervision,431.0,Alberta,3714974,0.11601696270283453
483,2010,Youth admissions,Intensive support and supervision,25.0,Alberta,3714974,0.006729522198540286
484,2010,Youth admissions,Deferred custody and supervision,255.0,Alberta,3714974,0.06864112642511092
485,2010,Youth admissions,Supervised probation,1545.0,Alberta,3714974,0.41588447186978966
486,2010,Youth admissions,Other community sentences,2004.0,Alberta,3714974,0.5394384994349893
487,2010,Youth admissions,Pre-trial detention,1135.0,British Columbia,4453744,0.25484176908237205
488,2010,Youth admissions,Provincial director remand,163.0,British Columbia,4453744,0.03659842146293096
489,2010,Youth admissions,Secure custody,89.0,British Columbia,4453744,0.019983187179146353
490,2010,Youth admissions,Custody and supervision (secure),87.0,British Columbia,4453744,0.01953412679309812
491,2010,Youth admissions,Young Offenders Act (YOA) (secure),2.0,British Columbia,4453744,0.0004490603860482327
492,2010,Youth admissions,Open custody,276.0,British Columbia,4453744,0.06197033327465611
493,2010,Youth admissions,Custody and supervision (open),276.0,British Columbia,4453744,0.06197033327465611
494,2010,Youth admissions,Community Portion of Custody Supervision,292.0,British Columbia,4453744,0.06556281636304197
495,2010,Youth admissions,Intensive support and supervision,315.0,British Columbia,4453744,0.07072701080259665
496,2010,Youth admissions,Deferred custody and supervision,251.0,British Columbia,4453744,0.056357078449053195
497,2010,Youth admissions,Supervised probation,1193.0,British Columbia,4453744,0.26786452027777075
498,2010,Youth admissions,Other community sentences,3216.0,British Columbia,4453744,0.7220891007655581
499,2011,Youth admissions,Pre-trial detention,5723.0,Ontario,13221999,0.4328392401179277
500,2011,Youth admissions,Secure custody,505.0,Ontario,13221999,0.038193922114197705
501,2011,Youth admissions,Custody and supervision (secure),503.0,Ontario,13221999,0.0380426590563197
502,2011,Youth admissions,Young Offenders Act (YOA) (secure),0.0,Ontario,13221999,0.0
503,2011,Youth admissions,Open custody,612.0,Ontario,13221999,0.04628649571067128
504,2011,Youth admissions,Custody and supervision (open),612.0,Ontario,13221999,0.04628649571067128
505,2011,Youth admissions,Young Offenders Act (YOA) (open),0.0,Ontario,13221999,0.0
506,2011,Youth admissions,Community Portion of Custody Supervision,1071.0,Ontario,13221999,0.08100136749367476
507,2011,Youth admissions,Intensive support and supervision,14.0,Ontario,13221999,0.0010588414051460751
508,2011,Youth admissions,Deferred custody and supervision,425.0,Ontario,13221999,0.03214339979907728
509,2011,Youth admissions,Supervised probation,5090.0,Ontario,13221999,0.3849644822995373
510,2011,Youth admissions,Other community sentences,518.0,Ontario,13221999,0.039177131990404776
511,2011,Youth admissions,Pre-trial detention,2317.0,Manitoba,1229063,1.8851759429744448
512,2011,Youth admissions,Provincial director remand,199.0,Manitoba,1229063,0.16191196057484442
513,2011,Youth admissions,Secure custody,174.0,Manitoba,1229063,0.14157126201016546
514,2011,Youth admissions,Custody and supervision (secure),163.0,Manitoba,1229063,0.13262135464170674
515,2011,Youth admissions,Young Offenders Act (YOA) (secure),0.0,Manitoba,1229063,0.0
516,2011,Youth admissions,Open custody,205.0,Manitoba,1229063,0.16679372823036737
517,2011,Youth admissions,Custody and supervision (open),204.0,Manitoba,1229063,0.1659801002877802
518,2011,Youth admissions,Young Offenders Act (YOA) (open),0.0,Manitoba,1229063,0.0
519,2011,Youth admissions,Community Portion of Custody Supervision,331.0,Manitoba,1229063,0.2693108489963493
520,2011,Youth admissions,Deferred custody and supervision,145.0,Manitoba,1229063,0.11797605167513789
521,2011,Youth admissions,Supervised probation,1000.0,Manitoba,1229063,0.8136279425871579
522,2011,Youth admissions,Other community sentences,991.0,Manitoba,1229063,0.8063052911038734
523,2011,Youth admissions,Pre-trial detention,2001.0,Alberta,3768773,0.5309420333885856
524,2011,Youth admissions,Secure custody,197.0,Alberta,3768773,0.05227165446154491
525,2011,Youth admissions,Custody and supervision (secure),197.0,Alberta,3768773,0.05227165446154491
526,2011,Youth admissions,Open custody,75.0,Alberta,3768773,0.01990037606403994
527,2011,Youth admissions,Custody and supervision (open),75.0,Alberta,3768773,0.01990037606403994
528,2011,Youth admissions,Community Portion of Custody Supervision,462.0,Alberta,3768773,0.12258631655448604
529,2011,Youth admissions,Intensive support and supervision,19.0,Alberta,3768773,0.005041428602890118
530,2011,Youth admissions,Deferred custody and supervision,234.0,Alberta,3768773,0.06208917331980462
531,2011,Youth admissions,Supervised probation,1417.0,Alberta,3768773,0.37598443843659457
532,2011,Youth admissions,Other community sentences,1915.0,Alberta,3768773,0.5081229355018199
533,2011,Youth admissions,Pre-trial detention,1026.0,British Columbia,4488508,0.22858375210649062
534,2011,Youth admissions,Provincial director remand,117.0,British Columbia,4488508,0.026066568222669985
535,2011,Youth admissions,Secure custody,110.0,British Columbia,4488508,0.024507029952937593
536,2011,Youth admissions,Custody and supervision (secure),105.0,British Columbia,4488508,0.02339307404598588
537,2011,Youth admissions,Young Offenders Act (YOA) (secure),1.0,British Columbia,4488508,0.00022279118139034173
538,2011,Youth admissions,Open custody,220.0,British Columbia,4488508,0.049014059905875186
539,2011,Youth admissions,Custody and supervision (open),219.0,British Columbia,4488508,0.04879126872448484
540,2011,Youth admissions,Community Portion of Custody Supervision,253.0,British Columbia,4488508,0.056366168891756455
541,2011,Youth admissions,Intensive support and supervision,271.0,British Columbia,4488508,0.060376410156782606
542,2011,Youth admissions,Deferred custody and supervision,212.0,British Columbia,4488508,0.047231730454752444
543,2011,Youth admissions,Supervised probation,978.0,British Columbia,4488508,0.21788977539975424
544,2011,Youth admissions,Other community sentences,2880.0,British Columbia,4488508,0.6416386024041842
545,2012,Youth admissions,Pre-trial detention,4534.0,Ontario,13348263,0.33966966338616494
546,2012,Youth admissions,Secure custody,460.0,Ontario,13348263,0.03446141269467046
547,2012,Youth admissions,Open custody,473.0,Ontario,13348263,0.03543532218386767
548,2012,Youth admissions,Community Portion of Custody Supervision,946.0,Ontario,13348263,0.07087064436773534
549,2012,Youth admissions,Intensive support and supervision,13.0,Ontario,13348263,0.0009739094891972087
550,2012,Youth admissions,Deferred custody and supervision,356.0,Ontario,13348263,0.02667013678109279
551,2012,Youth admissions,Supervised probation,4426.0,Ontario,13348263,0.33157872301437274
552,2012,Youth admissions,Other community sentences,358.0,Ontario,13348263,0.026819969010200055
553,2012,Youth admissions,Pre-trial detention,2391.0,Manitoba,1245692,1.9194150721045011
554,2012,Youth admissions,Provincial director remand,267.0,Manitoba,1245692,0.21433869688494425
555,2012,Youth admissions,Secure custody,163.0,Manitoba,1245692,0.13085096476496597
556,2012,Youth admissions,Open custody,227.0,Manitoba,1245692,0.1822280306849526
557,2012,Youth admissions,Community Portion of Custody Supervision,379.0,Manitoba,1245692,0.30424856224492086
558,2012,Youth admissions,Deferred custody and supervision,155.0,Manitoba,1245692,0.12442883152496764
559,2012,Youth admissions,Supervised probation,957.0,Manitoba,1245692,0.7682476888348003
560,2012,Youth admissions,Other community sentences,934.0,Manitoba,1245692,0.7497840557698051
561,2012,Youth admissions,Pre-trial detention,869.0,British Columbia,4548438,0.19105459940313577
562,2012,Youth admissions,Provincial director remand,55.0,British Columbia,4548438,0.012092063253363022
563,2012,Youth admissions,Secure custody,76.0,British Columbia,4548438,0.016709032859192542
564,2012,Youth admissions,Open custody,171.0,British Columbia,4548438,0.03759532393318322
565,2012,Youth admissions,Community Portion of Custody Supervision,200.0,British Columbia,4548438,0.04397113910313827
566,2012,Youth admissions,Intensive support and supervision,243.0,British Columbia,4548438,0.05342493401031299
567,2012,Youth admissions,Deferred custody and supervision,188.0,British Columbia,4548438,0.04133287075694997
568,2012,Youth admissions,Supervised probation,938.0,British Columbia,4548438,0.20622464239371846
569,2012,Youth admissions,Other community sentences,2595.0,British Columbia,4548438,0.5705255298632189
570,2013,Youth admissions,Pre-trial detention,3650.0,Ontario,13467829,0.2710162120413023
571,2013,Youth admissions,Secure custody,328.0,Ontario,13467829,0.024354333575218396
572,2013,Youth admissions,Open custody,381.0,Ontario,13467829,0.028289637476092103
573,2013,Youth admissions,Community Portion of Custody Supervision,769.0,Ontario,13467829,0.057099032071167524
574,2013,Youth admissions,Intensive support and supervision,18.0,Ontario,13467829,0.001336518305957107
575,2013,Youth admissions,Deferred custody and supervision,299.0,Ontario,13467829,0.0222010540822875
576,2013,Youth admissions,Supervised probation,3581.0,Ontario,13467829,0.2658928918684667
577,2013,Youth admissions,Other community sentences,333.0,Ontario,13467829,0.02472558866020648
578,2013,Youth admissions,Pre-trial detention,2212.0,Manitoba,1260834,1.7543943136051217
579,2013,Youth admissions,Provincial director remand,207.0,Manitoba,1260834,0.16417704471801997
580,2013,Youth admissions,Secure custody,149.0,Manitoba,1260834,0.11817574716417863
581,2013,Youth admissions,Open custody,206.0,Manitoba,1260834,0.16338391889812617
582,2013,Youth admissions,Community Portion of Custody Supervision,285.0,Manitoba,1260834,0.22604085866973767
583,2013,Youth admissions,Deferred custody and supervision,145.0,Manitoba,1260834,0.11500324388460335
584,2013,Youth admissions,Supervised probation,913.0,Manitoba,1260834,0.7241238735630543
585,2013,Youth admissions,Other community sentences,896.0,Manitoba,1260834,0.7106407346248594
586,2013,Youth admissions,Pre-trial detention,834.0,British Columbia,4611648,0.1808464132561722
587,2013,Youth admissions,Provincial director remand,76.0,British Columbia,4611648,0.016480008881857418
588,2013,Youth admissions,Secure custody,59.0,British Columbia,4611648,0.012793691105652469
589,2013,Youth admissions,Open custody,177.0,British Columbia,4611648,0.038381073316957406
590,2013,Youth admissions,Community Portion of Custody Supervision,190.0,British Columbia,4611648,0.04120002220464355
591,2013,Youth admissions,Intensive support and supervision,190.0,British Columbia,4611648,0.04120002220464355
592,2013,Youth admissions,Deferred custody and supervision,149.0,British Columbia,4611648,0.03230949109732573
593,2013,Youth admissions,Supervised probation,810.0,British Columbia,4611648,0.17564219992505933
594,2013,Youth admissions,Other community sentences,2234.0,British Columbia,4611648,0.4844255242377562
595,2014,Youth admissions,Pre-trial detention,3234.0,Ontario,13582747,0.23809616714498177
596,2014,Youth admissions,Secure custody,264.0,Ontario,13582747,0.019436421807753616
597,2014,Youth admissions,Open custody,274.0,Ontario,13582747,0.020172649906532163
598,2014,Youth admissions,Community Portion of Custody Supervision,537.0,Ontario,13582747,0.039535448904407924
599,2014,Youth admissions,Intensive support and supervision,7.0,Ontario,13582747,0.0005153596691449823
600,2014,Youth admissions,Deferred custody and supervision,210.0,Ontario,13582747,0.015460790074349468
601,2014,Youth admissions,Supervised probation,2895.0,Ontario,13582747,0.21313803459638908
602,2014,Youth admissions,Other community sentences,218.0,Ontario,13582747,0.016049772553372303
603,2014,Youth admissions,Pre-trial detention,1989.0,Manitoba,1274407,1.5607258905514485
604,2014,Youth admissions,Provincial director remand,207.0,Manitoba,1274407,0.16242848634698334
605,2014,Youth admissions,Secure custody,173.0,Manitoba,1274407,0.13574941129482182
606,2014,Youth admissions,Open custody,158.0,Manitoba,1274407,0.12397923112475058
607,2014,Youth admissions,Community Portion of Custody Supervision,308.0,Manitoba,1274407,0.24168103282546313
608,2014,Youth admissions,Deferred custody and supervision,120.0,Manitoba,1274407,0.09416144136057004
609,2014,Youth admissions,Supervised probation,769.0,Manitoba,1274407,0.603417903385653
610,2014,Youth admissions,Other community sentences,664.0,Manitoba,1274407,0.5210266421951544
611,2014,Youth admissions,Pre-trial detention,742.0,British Columbia,4684490,0.15839504407096608
612,2014,Youth admissions,Provincial director remand,69.0,British Columbia,4684490,0.014729458276141052
613,2014,Youth admissions,Secure custody,65.0,British Columbia,4684490,0.01387557663694447
614,2014,Youth admissions,Open custody,171.0,British Columbia,4684490,0.03650344007565392
615,2014,Youth admissions,Community Portion of Custody Supervision,173.0,British Columbia,4684490,0.036930380895252204
616,2014,Youth admissions,Intensive support and supervision,189.0,British Columbia,4684490,0.04034590745203853
617,2014,Youth admissions,Deferred custody and supervision,118.0,British Columbia,4684490,0.02518950835629919
618,2014,Youth admissions,Supervised probation,697.0,British Columbia,4684490,0.14878887563000456
619,2014,Youth admissions,Other community sentences,1872.0,British Columbia,4684490,0.39961660714400077
620,2015,Youth admissions,Pre-trial detention,2940.0,Ontario,13669860,0.21507169788132433
621,2015,Youth admissions,Secure custody,232.0,Ontario,13669860,0.016971644186553482
622,2015,Youth admissions,Open custody,257.0,Ontario,13669860,0.01880048515493209
623,2015,Youth admissions,Community Portion of Custody Supervision,495.0,Ontario,13669860,0.03621105117389644
624,2015,Youth admissions,Intensive support and supervision,8.0,Ontario,13669860,0.0005852291098811546
625,2015,Youth admissions,Deferred custody and supervision,155.0,Ontario,13669860,0.011338814003947371
626,2015,Youth admissions,Supervised probation,2555.0,Ontario,13669860,0.18690754696829376
627,2015,Youth admissions,Other community sentences,161.0,Ontario,13669860,0.011777735836358237
628,2015,Youth admissions,Pre-trial detention,2061.0,Manitoba,1288094,1.6000385065065128
629,2015,Youth admissions,Provincial director remand,243.0,Manitoba,1288094,0.18865082827806046
630,2015,Youth admissions,Secure custody,151.0,Manitoba,1288094,0.11722746942381534
631,2015,Youth admissions,Open custody,166.0,Manitoba,1288094,0.12887258228048576
632,2015,Youth admissions,Community Portion of Custody Supervision,295.0,Manitoba,1288094,0.22902055284785117
633,2015,Youth admissions,Deferred custody and supervision,144.0,Manitoba,1288094,0.11179308342403582
634,2015,Youth admissions,Supervised probation,620.0,Manitoba,1288094,0.4813313314090431
635,2015,Youth admissions,Other community sentences,656.0,Manitoba,1288094,0.5092796022650521
636,2015,Youth admissions,Pre-trial detention,742.0,British Columbia,4757759,0.15595577665871685
637,2015,Youth admissions,Provincial director remand,94.0,British Columbia,4757759,0.019757200816602944
638,2015,Youth admissions,Secure custody,80.0,British Columbia,4757759,0.01681463899285357
639,2015,Youth admissions,Open custody,139.0,British Columbia,4757759,0.029215435250083074
640,2015,Youth admissions,Community Portion of Custody Supervision,154.0,British Columbia,4757759,0.03236818006124312
641,2015,Youth admissions,Intensive support and supervision,167.0,British Columbia,4757759,0.035100558897581825
642,2015,Youth admissions,Deferred custody and supervision,117.0,British Columbia,4757759,0.024591409527048344
643,2015,Youth admissions,Supervised probation,642.0,British Columbia,4757759,0.13493747791764987
644,2015,Youth admissions,Other community sentences,1760.0,British Columbia,4757759,0.3699220578427785
645,2016,Youth admissions,Pre-trial detention,2835.0,Ontario,13816545,0.20518877910505123
646,2016,Youth admissions,Secure custody,246.0,Ontario,13816545,0.01780474062075577
647,2016,Youth admissions,Open custody,209.0,Ontario,13816545,0.015126791828203071
648,2016,Youth admissions,Community Portion of Custody Supervision,437.0,Ontario,13816545,0.03162874654987915
649,2016,Youth admissions,Intensive support and supervision,13.0,Ontario,13816545,0.0009409009271131096
650,2016,Youth admissions,Deferred custody and supervision,171.0,Ontario,13816545,0.012376466041257058
651,2016,Youth admissions,Supervised probation,2428.0,Ontario,13816545,0.17573134238697158
652,2016,Youth admissions,Other community sentences,95.0,Ontario,13816545,0.006875814467365033
653,2016,Youth admissions,Pre-trial detention,2004.0,Manitoba,1307689,1.5324744644942336
654,2016,Youth admissions,Provincial director remand,237.0,Manitoba,1307689,0.18123575253749172
655,2016,Youth admissions,Secure custody,139.0,Manitoba,1307689,0.10629438650933058
656,2016,Youth admissions,Open custody,156.0,Manitoba,1307689,0.1192944193917667
657,2016,Youth admissions,Community Portion of Custody Supervision,264.0,Manitoba,1307689,0.20188286358606672
658,2016,Youth admissions,Deferred custody and supervision,141.0,Manitoba,1307689,0.10782380214255836
659,2016,Youth admissions,Supervised probation,719.0,Manitoba,1307689,0.5498249201453863
660,2016,Youth admissions,Other community sentences,673.0,Manitoba,1307689,0.5146483605811474
661,2016,Youth admissions,Pre-trial detention,1292.0,Saskatchewan,1131147,1.1422034448219374
662,2016,Youth admissions,Provincial director remand,26.0,Saskatchewan,1131147,0.022985518239450754
663,2016,Youth admissions,Secure custody,201.0,Saskatchewan,1131147,0.1776957371588308
664,2016,Youth admissions,Open custody,202.0,Saskatchewan,1131147,0.17857979555265585
665,2016,Youth admissions,Community Portion of Custody Supervision,225.0,Saskatchewan,1131147,0.1989131386106315
666,2016,Youth admissions,Intensive support and supervision,0.0,Saskatchewan,1131147,0.0
667,2016,Youth admissions,Deferred custody and supervision,150.0,Saskatchewan,1131147,0.13260875907375433
668,2016,Youth admissions,Supervised probation,953.0,Saskatchewan,1131147,0.8425076493152526
669,2016,Youth admissions,Other community sentences,1070.0,Saskatchewan,1131147,0.9459424813927809
670,2016,Youth admissions,Pre-trial detention,627.0,British Columbia,4832155,0.12975577149325715
671,2016,Youth admissions,Provincial director remand,68.0,British Columbia,4832155,0.014072396270401095
672,2016,Youth admissions,Secure custody,77.0,British Columbia,4832155,0.015934919306189475
673,2016,Youth admissions,Open custody,101.0,British Columbia,4832155,0.020901647401625156
674,2016,Youth admissions,Community Portion of Custody Supervision,87.0,British Columbia,4832155,0.01800438934595434
675,2016,Youth admissions,Intensive support and supervision,95.0,British Columbia,4832155,0.019659965377766233
676,2016,Youth admissions,Deferred custody and supervision,91.0,British Columbia,4832155,0.018832177361860287
677,2016,Youth admissions,Supervised probation,440.0,British Columbia,4832155,0.09105668174965414
678,2016,Youth admissions,Other community sentences,1461.0,British Columbia,4832155,0.302349572809647
679,2017,Youth admissions,Pre-trial detention,2399.0,Ontario,14006386,0.17127901515780017
680,2017,Youth admissions,Secure custody,175.0,Ontario,14006386,0.012494300813928733
681,2017,Youth admissions,Open custody,167.0,Ontario,14006386,0.01192313277672056
682,2017,Youth admissions,Community Portion of Custody Supervision,339.0,Ontario,14006386,0.02420324557669623
683,2017,Youth admissions,Intensive support and supervision,12.0,Ontario,14006386,0.000856752055812256
684,2017,Youth admissions,Deferred custody and supervision,150.0,Ontario,14006386,0.0107094006976532
685,2017,Youth admissions,Supervised probation,2229.0,Ontario,14006386,0.15914169436712652
686,2017,Youth admissions,Other community sentences,67.0,Ontario,14006386,0.004783532311618429
687,2017,Youth admissions,Pre-trial detention,1584.0,Manitoba,1328412,1.1924011526544476
688,2017,Youth admissions,Provincial director remand,195.0,Manitoba,1328412,0.14679180856541493
689,2017,Youth admissions,Secure custody,89.0,Manitoba,1328412,0.06699728698626631
690,2017,Youth admissions,Open custody,190.0,Manitoba,1328412,0.14302791603809661
691,2017,Youth admissions,Community Portion of Custody Supervision,256.0,Manitoba,1328412,0.1927112973986986
692,2017,Youth admissions,Deferred custody and supervision,88.0,Manitoba,1328412,0.06624450848080264
693,2017,Youth admissions,Supervised probation,620.0,Manitoba,1328412,0.46672267338747314
694,2017,Youth admissions,Other community sentences,578.0,Manitoba,1328412,0.4351059761579992
695,2017,Youth admissions,Pre-trial detention,1056.0,Saskatchewan,1146218,0.9212907143318286
696,2017,Youth admissions,Provincial director remand,44.0,Saskatchewan,1146218,0.03838711309715953
697,2017,Youth admissions,Secure custody,142.0,Saskatchewan,1146218,0.12388568317719666
698,2017,Youth admissions,Open custody,171.0,Saskatchewan,1146218,0.14918628044577908
699,2017,Youth admissions,Community Portion of Custody Supervision,175.0,Saskatchewan,1146218,0.1526760180000663
700,2017,Youth admissions,Intensive support and supervision,0.0,Saskatchewan,1146218,0.0
701,2017,Youth admissions,Deferred custody and supervision,141.0,Saskatchewan,1146218,0.12301324878862484
702,2017,Youth admissions,Supervised probation,881.0,Saskatchewan,1146218,0.7686146963317624
703,2017,Youth admissions,Other community sentences,939.0,Saskatchewan,1146218,0.8192158908689272
704,2017,Youth admissions,Pre-trial detention,545.0,British Columbia,4905210,0.11110635426413955
705,2017,Youth admissions,Provincial director remand,54.0,British Columbia,4905210,0.01100870299130924
706,2017,Youth admissions,Secure custody,77.0,British Columbia,4905210,0.01569759500612614
707,2017,Youth admissions,Open custody,102.0,British Columbia,4905210,0.020794216761361898
708,2017,Youth admissions,Community Portion of Custody Supervision,106.0,British Columbia,4905210,0.02160967624219962
709,2017,Youth admissions,Intensive support and supervision,120.0,British Columbia,4905210,0.024463784425131644
710,2017,Youth admissions,Deferred custody and supervision,86.0,British Columbia,4905210,0.017532378838011013
711,2017,Youth admissions,Supervised probation,448.0,British Columbia,4905210,0.0913314618538248
712,2017,Youth admissions,Other community sentences,1432.0,British Columbia,4905210,0.29193449413990435
713,2018,Youth admissions,Pre-trial detention,1904.0,Ontario,14235643,0.13374878816503055
714,2018,Youth admissions,Secure custody,179.0,Ontario,14235643,0.01257407199660739
715,2018,Youth admissions,Open custody,157.0,Ontario,14235643,0.011028655326633295
716,2018,Youth admissions,Community Portion of Custody Supervision,312.0,Ontario,14235643,0.021916818228723493
717,2018,Youth admissions,Intensive support and supervision,11.0,Ontario,14235643,0.0007727083349870462
718,2018,Youth admissions,Deferred custody and supervision,154.0,Ontario,14235643,0.010817916689818647
719,2018,Youth admissions,Supervised probation,2020.0,Ontario,14235643,0.1418973487885303
720,2018,Youth admissions,Other community sentences,59.0,Ontario,14235643,0.0041445265240214295
721,2018,Youth admissions,Pre-trial detention,1179.0,Manitoba,1347055,0.8752426589857133
722,2018,Youth admissions,Provincial director remand,136.0,Manitoba,1347055,0.10096098526043851
723,2018,Youth admissions,Secure custody,106.0,Manitoba,1347055,0.07869017968828296
724,2018,Youth admissions,Open custody,135.0,Manitoba,1347055,0.10021862507469999
725,2018,Youth admissions,Community Portion of Custody Supervision,191.0,Manitoba,1347055,0.14179079547605702
726,2018,Youth admissions,Deferred custody and supervision,46.0,Manitoba,1347055,0.03414856854397185
727,2018,Youth admissions,Supervised probation,481.0,Manitoba,1347055,0.3570752493402274
728,2018,Youth admissions,Other community sentences,420.0,Manitoba,1347055,0.31179127801017775
729,2018,Youth admissions,Pre-trial detention,883.0,Saskatchewan,1158451,0.7622247294015889
730,2018,Youth admissions,Provincial director remand,85.0,Saskatchewan,1158451,0.07337384144862406
731,2018,Youth admissions,Secure custody,133.0,Saskatchewan,1158451,0.11480848132549412
732,2018,Youth admissions,Open custody,135.0,Saskatchewan,1158451,0.11653492465369705
733,2018,Youth admissions,Community Portion of Custody Supervision,129.0,Saskatchewan,1158451,0.11135559466908829
734,2018,Youth admissions,Intensive support and supervision,0.0,Saskatchewan,1158451,0.0
735,2018,Youth admissions,Deferred custody and supervision,111.0,Saskatchewan,1158451,0.09581760471526202
736,2018,Youth admissions,Supervised probation,715.0,Saskatchewan,1158451,0.6172034898325437
737,2018,Youth admissions,Other community sentences,933.0,Saskatchewan,1158451,0.8053858126066618
738,2018,Youth admissions,Pre-trial detention,409.0,British Columbia,4983183,0.08207605460204853
739,2018,Youth admissions,Provincial director remand,16.0,British Columbia,4983183,0.003210799202036128
740,2018,Youth admissions,Secure custody,36.0,British Columbia,4983183,0.007224298204581288
741,2018,Youth admissions,Open custody,86.0,British Columbia,4983183,0.01725804571094419
742,2018,Youth admissions,Community Portion of Custody Supervision,62.0,British Columbia,4983183,0.012441846907889997
743,2018,Youth admissions,Intensive support and supervision,113.0,British Columbia,4983183,0.022676269364380157
744,2018,Youth admissions,Deferred custody and supervision,56.0,British Columbia,4983183,0.011237797207126449
745,2018,Youth admissions,Supervised probation,466.0,British Columbia,4983183,0.09351452675930223
746,2018,Youth admissions,Other community sentences,1395.0,British Columbia,4983183,0.27994155542752497
747,2019,Youth admissions,Pre-trial detention,1733.0,Ontario,14467552,0.11978529608879235
748,2019,Youth admissions,Secure custody,140.0,Ontario,14467552,0.009676827150854547
749,2019,Youth admissions,Open custody,124.0,Ontario,14467552,0.00857090404789974
750,2019,Youth admissions,Community Portion of Custody Supervision,279.0,Ontario,14467552,0.019284534107774417
751,2019,Youth admissions,Intensive support and supervision,14.0,Ontario,14467552,0.0009676827150854548
752,2019,Youth admissions,Deferred custody and supervision,168.0,Ontario,14467552,0.011612192581025456
753,2019,Youth admissions,Supervised probation,1999.0,Ontario,14467552,0.138171267675416
754,2019,Youth admissions,Other community sentences,38.0,Ontario,14467552,0.002626567369517663
755,2019,Youth admissions,Pre-trial detention,989.0,Manitoba,1364667,0.724718924103829
756,2019,Youth admissions,Provincial director remand,163.0,Manitoba,1364667,0.11944305826989296
757,2019,Youth admissions,Secure custody,59.0,Manitoba,1364667,0.043233990416709715
758,2019,Youth admissions,Open custody,128.0,Manitoba,1364667,0.09379577581930244
759,2019,Youth admissions,Community Portion of Custody Supervision,199.0,Manitoba,1364667,0.14582312021907176
760,2019,Youth admissions,Deferred custody and supervision,64.0,Manitoba,1364667,0.04689788790965122
761,2019,Youth admissions,Supervised probation,444.0,Manitoba,1364667,0.32535409737320536
762,2019,Youth admissions,Other community sentences,285.0,Manitoba,1364667,0.2088421570976656
763,2019,Youth admissions,Pre-trial detention,835.0,Saskatchewan,1169397,0.7140432205658129
764,2019,Youth admissions,Provincial director remand,69.0,Saskatchewan,1169397,0.059004769124600114
765,2019,Youth admissions,Secure custody,112.0,Saskatchewan,1169397,0.0957758571297857
766,2019,Youth admissions,Open custody,155.0,Saskatchewan,1169397,0.13254694513497128
767,2019,Youth admissions,Community Portion of Custody Supervision,161.0,Saskatchewan,1169397,0.13767779462406693
768,2019,Youth admissions,Intensive support and supervision,0.0,Saskatchewan,1169397,0.0
769,2019,Youth admissions,Deferred custody and supervision,94.0,Saskatchewan,1169397,0.08038330866249871
770,2019,Youth admissions,Supervised probation,672.0,Saskatchewan,1169397,0.5746551427787142
771,2019,Youth admissions,Other community sentences,925.0,Saskatchewan,1169397,0.791005962902248
772,2019,Youth admissions,Pre-trial detention,543.0,Alberta,4344454,0.12498693736888455
773,2019,Youth admissions,Secure custody,353.0,Alberta,4344454,0.08125301821586786
774,2019,Youth admissions,Open custody,77.0,Alberta,4344454,0.01772374618306466
775,2019,Youth admissions,Community Portion of Custody Supervision,233.0,Alberta,4344454,0.05363159559290995
776,2019,Youth admissions,Intensive support and supervision,3.0,Alberta,4344454,0.0006905355655739479
777,2019,Youth admissions,Deferred custody and supervision,82.0,Alberta,4344454,0.018874638792354573
778,2019,Youth admissions,Supervised probation,936.0,Alberta,4344454,0.21544709645907173
779,2019,Youth admissions,Other community sentences,1811.0,Alberta,4344454,0.4168533030848065
780,2019,Youth admissions,Pre-trial detention,326.0,British Columbia,5066120,0.06434904818677804
781,2019,Youth admissions,Provincial director remand,22.0,British Columbia,5066120,0.004342573804015697
782,2019,Youth admissions,Secure custody,32.0,British Columbia,5066120,0.006316470987659194
783,2019,Youth admissions,Open custody,64.0,British Columbia,5066120,0.012632941975318389
784,2019,Youth admissions,Community Portion of Custody Supervision,60.0,British Columbia,5066120,0.011843383101860989
785,2019,Youth admissions,Intensive support and supervision,94.0,British Columbia,5066120,0.018554633526248886
786,2019,Youth admissions,Deferred custody and supervision,57.0,British Columbia,5066120,0.01125121394676794
787,2019,Youth admissions,Supervised probation,439.0,British Columbia,5066120,0.08665408636194957
788,2019,Youth admissions,Other community sentences,1399.0,British Columbia,5066120,0.2761482159917254
789,2020,Youth admissions,Pre-trial detention,994.0,Ontario,14729324,0.0674844276628038
790,2020,Youth admissions,Secure custody,108.0,Ontario,14729324,0.007332312059942466
791,2020,Youth admissions,Open custody,49.0,Ontario,14729324,0.00332669713830723
792,2020,Youth admissions,Community Portion of Custody Supervision,169.0,Ontario,14729324,0.011473710538243302
793,2020,Youth admissions,Intensive support and supervision,15.0,Ontario,14729324,0.0010183766749920092
794,2020,Youth admissions,Deferred custody and supervision,106.0,Ontario,14729324,0.007196528503276864
795,2020,Youth admissions,Supervised probation,1160.0,Ontario,14729324,0.07875446286604872
796,2020,Youth admissions,Other community sentences,16.0,Ontario,14729324,0.0010862684533248098
797,2020,Youth admissions,Pre-trial detention,421.0,Manitoba,1379735,0.30513105777558736
798,2020,Youth admissions,Provincial director remand,97.0,Manitoba,1379735,0.07030335535447024
799,2020,Youth admissions,Secure custody,54.0,Manitoba,1379735,0.039137950403519514
800,2020,Youth admissions,Open custody,82.0,Manitoba,1379735,0.05943170246460371
801,2020,Youth admissions,Community Portion of Custody Supervision,122.0,Manitoba,1379735,0.08842277683758114
802,2020,Youth admissions,Deferred custody and supervision,32.0,Manitoba,1379735,0.023192859498381936
803,2020,Youth admissions,Supervised probation,174.0,Manitoba,1379735,0.12611117352245177
804,2020,Youth admissions,Other community sentences,78.0,Manitoba,1379735,0.05653259502730597
805,2020,Youth admissions,Pre-trial detention,456.0,Saskatchewan,1179939,0.3864606560169636
806,2020,Youth admissions,Provincial director remand,56.0,Saskatchewan,1179939,0.04746008056348676
807,2020,Youth admissions,Secure custody,90.0,Saskatchewan,1179939,0.07627512947703229
808,2020,Youth admissions,Open custody,99.0,Saskatchewan,1179939,0.08390264242473551
809,2020,Youth admissions,Community Portion of Custody Supervision,105.0,Saskatchewan,1179939,0.08898765105653766
810,2020,Youth admissions,Intensive support and supervision,0.0,Saskatchewan,1179939,0.0
811,2020,Youth admissions,Deferred custody and supervision,57.0,Saskatchewan,1179939,0.04830758200212045
812,2020,Youth admissions,Supervised probation,569.0,Saskatchewan,1179939,0.48222831858257076
813,2020,Youth admissions,Other community sentences,586.0,Saskatchewan,1179939,0.49663584303934355
814,2020,Youth admissions,Pre-trial detention,283.0,Alberta,4415700,0.064089498833707
815,2020,Youth admissions,Secure custody,222.0,Alberta,4415700,0.05027515456213058
816,2020,Youth admissions,Open custody,35.0,Alberta,4415700,0.007926263106642208
817,2020,Youth admissions,Community Portion of Custody Supervision,111.0,Alberta,4415700,0.02513757728106529
818,2020,Youth admissions,Intensive support and supervision,2.0,Alberta,4415700,0.0004529293203795548
819,2020,Youth admissions,Deferred custody and supervision,51.0,Alberta,4415700,0.011549697669678647
820,2020,Youth admissions,Supervised probation,632.0,Alberta,4415700,0.1431256652399393
821,2020,Youth admissions,Other community sentences,904.0,Alberta,4415700,0.20472405281155878
822,2020,Youth admissions,Pre-trial detention,158.0,British Columbia,5150616,0.030675942450378753
823,2020,Youth admissions,Provincial director remand,4.0,British Columbia,5150616,0.0007766061379842722
824,2020,Youth admissions,Secure custody,9.0,British Columbia,5150616,0.0017473638104646123
825,2020,Youth admissions,Open custody,32.0,British Columbia,5150616,0.006212849103874178
826,2020,Youth admissions,Community Portion of Custody Supervision,29.0,British Columbia,5150616,0.005630394500385973
827,2020,Youth admissions,Intensive support and supervision,67.0,British Columbia,5150616,0.013008152811236559
828,2020,Youth admissions,Deferred custody and supervision,31.0,British Columbia,5150616,0.006018697569378109
829,2020,Youth admissions,Supervised probation,287.0,British Columbia,5150616,0.055721490400371526
830,2020,Youth admissions,Other community sentences,904.0,British Columbia,5150616,0.1755129871844455
